[0m16:14:48.761432 [debug] [MainThread]: Sending event: {'category': 'dbt', 'action': 'invocation', 'label': 'start', 'context': [<snowplow_tracker.self_describing_json.SelfDescribingJson object at 0x00000256B10B5820>, <snowplow_tracker.self_describing_json.SelfDescribingJson object at 0x00000256B3604A70>, <snowplow_tracker.self_describing_json.SelfDescribingJson object at 0x00000256B381F830>]}


============================== 16:14:48.764226 | f5ec6ad3-d8c7-4b8b-be76-a97246191668 ==============================
[0m16:14:48.764226 [info ] [MainThread]: Running with dbt=1.9.2
[0m16:14:48.764226 [debug] [MainThread]: running dbt with arguments {'printer_width': '80', 'indirect_selection': 'eager', 'write_json': 'True', 'log_cache_events': 'False', 'partial_parse': 'True', 'cache_selected_only': 'False', 'warn_error': 'None', 'debug': 'False', 'profiles_dir': 'C:\\Users\\MinhThanh\\.dbt', 'log_path': 'D:\\DE\\DataTalks\\project\\de_project\\logs', 'fail_fast': 'False', 'version_check': 'True', 'use_colors': 'True', 'use_experimental_parser': 'False', 'no_print': 'None', 'quiet': 'False', 'empty': 'False', 'log_format': 'default', 'static_parser': 'True', 'introspect': 'True', 'warn_error_options': 'WarnErrorOptions(include=[], exclude=[])', 'target_path': 'None', 'invocation_command': 'dbt run', 'send_anonymous_usage_stats': 'True'}
[0m16:14:49.765381 [error] [MainThread]: Encountered an error:
Runtime Error
  Credentials in profile "de_project", target "dev" invalid: 'database' is a required property
[0m16:14:49.765381 [debug] [MainThread]: Command `dbt run` failed at 16:14:49.765381 after 1.17 seconds
[0m16:14:49.765381 [debug] [MainThread]: Sending event: {'category': 'dbt', 'action': 'invocation', 'label': 'end', 'context': [<snowplow_tracker.self_describing_json.SelfDescribingJson object at 0x00000256B3D0CBC0>, <snowplow_tracker.self_describing_json.SelfDescribingJson object at 0x00000256B34C57C0>, <snowplow_tracker.self_describing_json.SelfDescribingJson object at 0x00000256B3E94260>]}
[0m16:14:49.765381 [debug] [MainThread]: Flushing usage events
[0m16:14:50.909318 [debug] [MainThread]: An error was encountered while trying to flush usage events
[0m16:15:41.122679 [debug] [MainThread]: Sending event: {'category': 'dbt', 'action': 'invocation', 'label': 'start', 'context': [<snowplow_tracker.self_describing_json.SelfDescribingJson object at 0x00000254D7295CA0>, <snowplow_tracker.self_describing_json.SelfDescribingJson object at 0x00000254D4E53D40>, <snowplow_tracker.self_describing_json.SelfDescribingJson object at 0x00000254D705A600>]}


============================== 16:15:41.126765 | 22b541e0-019e-4be3-a0c3-c77b5d98346b ==============================
[0m16:15:41.126765 [info ] [MainThread]: Running with dbt=1.9.2
[0m16:15:41.127766 [debug] [MainThread]: running dbt with arguments {'printer_width': '80', 'indirect_selection': 'eager', 'log_cache_events': 'False', 'write_json': 'True', 'partial_parse': 'True', 'cache_selected_only': 'False', 'profiles_dir': 'C:\\Users\\MinhThanh\\.dbt', 'fail_fast': 'False', 'version_check': 'True', 'log_path': 'D:\\DE\\DataTalks\\project\\de_project\\logs', 'debug': 'False', 'warn_error': 'None', 'use_colors': 'True', 'use_experimental_parser': 'False', 'no_print': 'None', 'quiet': 'False', 'empty': 'False', 'log_format': 'default', 'static_parser': 'True', 'introspect': 'True', 'invocation_command': 'dbt run', 'target_path': 'None', 'warn_error_options': 'WarnErrorOptions(include=[], exclude=[])', 'send_anonymous_usage_stats': 'True'}
[0m16:15:41.339020 [debug] [MainThread]: Sending event: {'category': 'dbt', 'action': 'project_id', 'label': '22b541e0-019e-4be3-a0c3-c77b5d98346b', 'context': [<snowplow_tracker.self_describing_json.SelfDescribingJson object at 0x00000254D77940E0>]}
[0m16:15:41.395932 [debug] [MainThread]: Sending event: {'category': 'dbt', 'action': 'adapter_info', 'label': '22b541e0-019e-4be3-a0c3-c77b5d98346b', 'context': [<snowplow_tracker.self_describing_json.SelfDescribingJson object at 0x00000254D4AB8AA0>]}
[0m16:15:41.397841 [info ] [MainThread]: Registered adapter: postgres=1.9.0
[0m16:15:41.608143 [debug] [MainThread]: checksum: 12b12750b70de726cfd89136b8e24afc3f3e77597a97bff40ab7e5f9b39d5e18, vars: {}, profile: , target: , version: 1.9.2
[0m16:15:41.609146 [info ] [MainThread]: Unable to do partial parsing because saved manifest not found. Starting full parse.
[0m16:15:41.609769 [debug] [MainThread]: Sending event: {'category': 'dbt', 'action': 'partial_parser', 'label': '22b541e0-019e-4be3-a0c3-c77b5d98346b', 'context': [<snowplow_tracker.self_describing_json.SelfDescribingJson object at 0x00000254D7D48D40>]}
[0m16:15:42.815180 [debug] [MainThread]: Sending event: {'category': 'dbt', 'action': 'load_project', 'label': '22b541e0-019e-4be3-a0c3-c77b5d98346b', 'context': [<snowplow_tracker.self_describing_json.SelfDescribingJson object at 0x00000254D9210440>]}
[0m16:15:42.883452 [debug] [MainThread]: Wrote artifact WritableManifest to D:\DE\DataTalks\project\de_project\target\manifest.json
[0m16:15:42.886348 [debug] [MainThread]: Wrote artifact SemanticManifest to D:\DE\DataTalks\project\de_project\target\semantic_manifest.json
[0m16:15:42.910636 [debug] [MainThread]: Sending event: {'category': 'dbt', 'action': 'resource_counts', 'label': '22b541e0-019e-4be3-a0c3-c77b5d98346b', 'context': [<snowplow_tracker.self_describing_json.SelfDescribingJson object at 0x00000254D7F11940>]}
[0m16:15:42.910636 [info ] [MainThread]: Found 2 models, 4 data tests, 433 macros
[0m16:15:42.911635 [debug] [MainThread]: Sending event: {'category': 'dbt', 'action': 'runnable_timing', 'label': '22b541e0-019e-4be3-a0c3-c77b5d98346b', 'context': [<snowplow_tracker.self_describing_json.SelfDescribingJson object at 0x00000254D7962480>]}
[0m16:15:42.913984 [info ] [MainThread]: 
[0m16:15:42.915014 [info ] [MainThread]: Concurrency: 4 threads (target='dev')
[0m16:15:42.916014 [info ] [MainThread]: 
[0m16:15:42.916014 [debug] [MainThread]: Acquiring new postgres connection 'master'
[0m16:15:42.920122 [debug] [ThreadPool]: Acquiring new postgres connection 'list_warehouse'
[0m16:15:43.121333 [debug] [ThreadPool]: Using postgres connection "list_warehouse"
[0m16:15:43.121333 [debug] [ThreadPool]: On list_warehouse: /* {"app": "dbt", "dbt_version": "1.9.2", "profile_name": "de_project", "target_name": "dev", "connection_name": "list_warehouse"} */

    select distinct nspname from pg_namespace
  
[0m16:15:43.121333 [debug] [ThreadPool]: Opening a new connection, currently in state init
[0m16:15:43.123333 [debug] [ThreadPool]: Postgres adapter: Got a retryable error when attempting to open a postgres connection.
1 attempts remaining. Retrying in 0 seconds.
Error:
could not translate host name "localhot:5432" to address: No such host is known. 

[0m16:15:43.124333 [debug] [ThreadPool]: Postgres adapter: Error running SQL: /* {"app": "dbt", "dbt_version": "1.9.2", "profile_name": "de_project", "target_name": "dev", "connection_name": "list_warehouse"} */

    select distinct nspname from pg_namespace
  
[0m16:15:43.124333 [debug] [ThreadPool]: Postgres adapter: Rolling back transaction.
[0m16:15:43.125333 [debug] [ThreadPool]: Postgres adapter: Error running SQL: macro list_schemas
[0m16:15:43.125333 [debug] [ThreadPool]: Postgres adapter: Rolling back transaction.
[0m16:15:43.125333 [debug] [ThreadPool]: On list_warehouse: No close available on handle
[0m16:15:43.126334 [debug] [MainThread]: Connection 'master' was properly closed.
[0m16:15:43.126334 [debug] [MainThread]: Connection 'list_warehouse' was properly closed.
[0m16:15:43.126334 [info ] [MainThread]: 
[0m16:15:43.127418 [info ] [MainThread]: Finished running  in 0 hours 0 minutes and 0.21 seconds (0.21s).
[0m16:15:43.128334 [error] [MainThread]: Encountered an error:
Database Error
  could not translate host name "localhot:5432" to address: No such host is known. 
  
[0m16:15:43.129698 [debug] [MainThread]: Command `dbt run` failed at 16:15:43.129698 after 2.18 seconds
[0m16:15:43.130043 [debug] [MainThread]: Sending event: {'category': 'dbt', 'action': 'invocation', 'label': 'end', 'context': [<snowplow_tracker.self_describing_json.SelfDescribingJson object at 0x00000254D70FC800>, <snowplow_tracker.self_describing_json.SelfDescribingJson object at 0x00000254D9613620>, <snowplow_tracker.self_describing_json.SelfDescribingJson object at 0x00000254D9613440>]}
[0m16:15:43.131348 [debug] [MainThread]: Flushing usage events
[0m16:15:44.383003 [debug] [MainThread]: An error was encountered while trying to flush usage events
[0m16:15:55.705695 [debug] [MainThread]: Sending event: {'category': 'dbt', 'action': 'invocation', 'label': 'start', 'context': [<snowplow_tracker.self_describing_json.SelfDescribingJson object at 0x0000024570D67D40>, <snowplow_tracker.self_describing_json.SelfDescribingJson object at 0x0000024570E66780>, <snowplow_tracker.self_describing_json.SelfDescribingJson object at 0x0000024570E67320>]}


============================== 16:15:55.709626 | 0752eaa1-da0f-42b0-9785-de8f9a9bfd04 ==============================
[0m16:15:55.709626 [info ] [MainThread]: Running with dbt=1.9.2
[0m16:15:55.710510 [debug] [MainThread]: running dbt with arguments {'printer_width': '80', 'indirect_selection': 'eager', 'write_json': 'True', 'log_cache_events': 'False', 'partial_parse': 'True', 'cache_selected_only': 'False', 'warn_error': 'None', 'debug': 'False', 'fail_fast': 'False', 'log_path': 'D:\\DE\\DataTalks\\project\\de_project\\logs', 'profiles_dir': 'C:\\Users\\MinhThanh\\.dbt', 'version_check': 'True', 'use_colors': 'True', 'use_experimental_parser': 'False', 'no_print': 'None', 'quiet': 'False', 'empty': 'False', 'warn_error_options': 'WarnErrorOptions(include=[], exclude=[])', 'static_parser': 'True', 'log_format': 'default', 'invocation_command': 'dbt run', 'target_path': 'None', 'introspect': 'True', 'send_anonymous_usage_stats': 'True'}
[0m16:15:55.905354 [debug] [MainThread]: Sending event: {'category': 'dbt', 'action': 'project_id', 'label': '0752eaa1-da0f-42b0-9785-de8f9a9bfd04', 'context': [<snowplow_tracker.self_describing_json.SelfDescribingJson object at 0x000002457121C0B0>]}
[0m16:15:55.974443 [debug] [MainThread]: Sending event: {'category': 'dbt', 'action': 'adapter_info', 'label': '0752eaa1-da0f-42b0-9785-de8f9a9bfd04', 'context': [<snowplow_tracker.self_describing_json.SelfDescribingJson object at 0x0000024570D67F50>]}
[0m16:15:55.975442 [info ] [MainThread]: Registered adapter: postgres=1.9.0
[0m16:15:56.186499 [debug] [MainThread]: checksum: 12b12750b70de726cfd89136b8e24afc3f3e77597a97bff40ab7e5f9b39d5e18, vars: {}, profile: , target: , version: 1.9.2
[0m16:15:56.282296 [info ] [MainThread]: Unable to do partial parsing because profile has changed
[0m16:15:56.283281 [debug] [MainThread]: Sending event: {'category': 'dbt', 'action': 'partial_parser', 'label': '0752eaa1-da0f-42b0-9785-de8f9a9bfd04', 'context': [<snowplow_tracker.self_describing_json.SelfDescribingJson object at 0x0000024572AB4D40>]}
[0m16:15:57.435312 [debug] [MainThread]: Sending event: {'category': 'dbt', 'action': 'load_project', 'label': '0752eaa1-da0f-42b0-9785-de8f9a9bfd04', 'context': [<snowplow_tracker.self_describing_json.SelfDescribingJson object at 0x0000024572C63320>]}
[0m16:15:57.503068 [debug] [MainThread]: Wrote artifact WritableManifest to D:\DE\DataTalks\project\de_project\target\manifest.json
[0m16:15:57.506157 [debug] [MainThread]: Wrote artifact SemanticManifest to D:\DE\DataTalks\project\de_project\target\semantic_manifest.json
[0m16:15:57.525072 [debug] [MainThread]: Sending event: {'category': 'dbt', 'action': 'resource_counts', 'label': '0752eaa1-da0f-42b0-9785-de8f9a9bfd04', 'context': [<snowplow_tracker.self_describing_json.SelfDescribingJson object at 0x0000024572E03290>]}
[0m16:15:57.525072 [info ] [MainThread]: Found 2 models, 4 data tests, 433 macros
[0m16:15:57.526112 [debug] [MainThread]: Sending event: {'category': 'dbt', 'action': 'runnable_timing', 'label': '0752eaa1-da0f-42b0-9785-de8f9a9bfd04', 'context': [<snowplow_tracker.self_describing_json.SelfDescribingJson object at 0x0000024572A4F320>]}
[0m16:15:57.528119 [info ] [MainThread]: 
[0m16:15:57.528688 [info ] [MainThread]: Concurrency: 4 threads (target='dev')
[0m16:15:57.529453 [info ] [MainThread]: 
[0m16:15:57.530463 [debug] [MainThread]: Acquiring new postgres connection 'master'
[0m16:15:57.536613 [debug] [ThreadPool]: Acquiring new postgres connection 'list_warehouse'
[0m16:15:57.643076 [debug] [ThreadPool]: Using postgres connection "list_warehouse"
[0m16:15:57.644076 [debug] [ThreadPool]: On list_warehouse: /* {"app": "dbt", "dbt_version": "1.9.2", "profile_name": "de_project", "target_name": "dev", "connection_name": "list_warehouse"} */

    select distinct nspname from pg_namespace
  
[0m16:15:57.644076 [debug] [ThreadPool]: Opening a new connection, currently in state init
[0m16:15:57.645988 [debug] [ThreadPool]: Postgres adapter: Got a retryable error when attempting to open a postgres connection.
1 attempts remaining. Retrying in 0 seconds.
Error:
could not translate host name "localhost:5432" to address: No such host is known. 

[0m16:15:57.647083 [debug] [ThreadPool]: Postgres adapter: Error running SQL: /* {"app": "dbt", "dbt_version": "1.9.2", "profile_name": "de_project", "target_name": "dev", "connection_name": "list_warehouse"} */

    select distinct nspname from pg_namespace
  
[0m16:15:57.647083 [debug] [ThreadPool]: Postgres adapter: Rolling back transaction.
[0m16:15:57.647083 [debug] [ThreadPool]: Postgres adapter: Error running SQL: macro list_schemas
[0m16:15:57.648078 [debug] [ThreadPool]: Postgres adapter: Rolling back transaction.
[0m16:15:57.648078 [debug] [ThreadPool]: On list_warehouse: No close available on handle
[0m16:15:57.648986 [debug] [MainThread]: Connection 'master' was properly closed.
[0m16:15:57.648986 [debug] [MainThread]: Connection 'list_warehouse' was properly closed.
[0m16:15:57.648986 [info ] [MainThread]: 
[0m16:15:57.650989 [info ] [MainThread]: Finished running  in 0 hours 0 minutes and 0.12 seconds (0.12s).
[0m16:15:57.652987 [error] [MainThread]: Encountered an error:
Database Error
  could not translate host name "localhost:5432" to address: No such host is known. 
  
[0m16:15:57.653993 [debug] [MainThread]: Command `dbt run` failed at 16:15:57.653993 after 2.12 seconds
[0m16:15:57.653993 [debug] [MainThread]: Sending event: {'category': 'dbt', 'action': 'invocation', 'label': 'end', 'context': [<snowplow_tracker.self_describing_json.SelfDescribingJson object at 0x000002456E3BE270>, <snowplow_tracker.self_describing_json.SelfDescribingJson object at 0x0000024572C2D970>, <snowplow_tracker.self_describing_json.SelfDescribingJson object at 0x0000024572DBF770>]}
[0m16:15:57.655072 [debug] [MainThread]: Flushing usage events
[0m16:15:58.819047 [debug] [MainThread]: An error was encountered while trying to flush usage events
[0m16:16:15.294476 [debug] [MainThread]: Sending event: {'category': 'dbt', 'action': 'invocation', 'label': 'start', 'context': [<snowplow_tracker.self_describing_json.SelfDescribingJson object at 0x000002E84C6A61B0>, <snowplow_tracker.self_describing_json.SelfDescribingJson object at 0x000002E84C169BE0>, <snowplow_tracker.self_describing_json.SelfDescribingJson object at 0x000002E84B7FA420>]}


============================== 16:16:15.298481 | 464726b4-4eb5-4401-888f-2334cfc44469 ==============================
[0m16:16:15.298481 [info ] [MainThread]: Running with dbt=1.9.2
[0m16:16:15.298927 [debug] [MainThread]: running dbt with arguments {'printer_width': '80', 'indirect_selection': 'eager', 'write_json': 'True', 'log_cache_events': 'False', 'partial_parse': 'True', 'cache_selected_only': 'False', 'warn_error': 'None', 'debug': 'False', 'fail_fast': 'False', 'log_path': 'D:\\DE\\DataTalks\\project\\de_project\\logs', 'version_check': 'True', 'profiles_dir': 'C:\\Users\\MinhThanh\\.dbt', 'use_colors': 'True', 'use_experimental_parser': 'False', 'no_print': 'None', 'quiet': 'False', 'empty': 'False', 'log_format': 'default', 'invocation_command': 'dbt run', 'static_parser': 'True', 'introspect': 'True', 'target_path': 'None', 'warn_error_options': 'WarnErrorOptions(include=[], exclude=[])', 'send_anonymous_usage_stats': 'True'}
[0m16:16:15.489465 [debug] [MainThread]: Sending event: {'category': 'dbt', 'action': 'project_id', 'label': '464726b4-4eb5-4401-888f-2334cfc44469', 'context': [<snowplow_tracker.self_describing_json.SelfDescribingJson object at 0x000002E84C8DBC80>]}
[0m16:16:15.554134 [debug] [MainThread]: Sending event: {'category': 'dbt', 'action': 'adapter_info', 'label': '464726b4-4eb5-4401-888f-2334cfc44469', 'context': [<snowplow_tracker.self_describing_json.SelfDescribingJson object at 0x000002E84C947E30>]}
[0m16:16:15.555044 [info ] [MainThread]: Registered adapter: postgres=1.9.0
[0m16:16:15.740423 [debug] [MainThread]: checksum: 12b12750b70de726cfd89136b8e24afc3f3e77597a97bff40ab7e5f9b39d5e18, vars: {}, profile: , target: , version: 1.9.2
[0m16:16:15.822720 [info ] [MainThread]: Unable to do partial parsing because profile has changed
[0m16:16:15.823626 [debug] [MainThread]: Sending event: {'category': 'dbt', 'action': 'partial_parser', 'label': '464726b4-4eb5-4401-888f-2334cfc44469', 'context': [<snowplow_tracker.self_describing_json.SelfDescribingJson object at 0x000002E84E035850>]}
[0m16:16:17.143017 [debug] [MainThread]: Sending event: {'category': 'dbt', 'action': 'load_project', 'label': '464726b4-4eb5-4401-888f-2334cfc44469', 'context': [<snowplow_tracker.self_describing_json.SelfDescribingJson object at 0x000002E84E0905F0>]}
[0m16:16:17.206758 [debug] [MainThread]: Wrote artifact WritableManifest to D:\DE\DataTalks\project\de_project\target\manifest.json
[0m16:16:17.209755 [debug] [MainThread]: Wrote artifact SemanticManifest to D:\DE\DataTalks\project\de_project\target\semantic_manifest.json
[0m16:16:17.226660 [debug] [MainThread]: Sending event: {'category': 'dbt', 'action': 'resource_counts', 'label': '464726b4-4eb5-4401-888f-2334cfc44469', 'context': [<snowplow_tracker.self_describing_json.SelfDescribingJson object at 0x000002E84E36E5D0>]}
[0m16:16:17.227720 [info ] [MainThread]: Found 2 models, 4 data tests, 433 macros
[0m16:16:17.227720 [debug] [MainThread]: Sending event: {'category': 'dbt', 'action': 'runnable_timing', 'label': '464726b4-4eb5-4401-888f-2334cfc44469', 'context': [<snowplow_tracker.self_describing_json.SelfDescribingJson object at 0x000002E84DFCC1A0>]}
[0m16:16:17.229756 [info ] [MainThread]: 
[0m16:16:17.230685 [info ] [MainThread]: Concurrency: 4 threads (target='dev')
[0m16:16:17.231446 [info ] [MainThread]: 
[0m16:16:17.231446 [debug] [MainThread]: Acquiring new postgres connection 'master'
[0m16:16:17.235682 [debug] [ThreadPool]: Acquiring new postgres connection 'list_warehouse'
[0m16:16:17.341491 [debug] [ThreadPool]: Using postgres connection "list_warehouse"
[0m16:16:17.342585 [debug] [ThreadPool]: On list_warehouse: /* {"app": "dbt", "dbt_version": "1.9.2", "profile_name": "de_project", "target_name": "dev", "connection_name": "list_warehouse"} */

    select distinct nspname from pg_namespace
  
[0m16:16:17.342585 [debug] [ThreadPool]: Opening a new connection, currently in state init
[0m16:16:17.420115 [debug] [ThreadPool]: SQL status: SELECT 4 in 0.077 seconds
[0m16:16:17.421116 [debug] [ThreadPool]: On list_warehouse: Close
[0m16:16:17.423113 [debug] [ThreadPool]: Acquiring new postgres connection 'list_warehouse_public'
[0m16:16:17.429128 [debug] [ThreadPool]: Using postgres connection "list_warehouse_public"
[0m16:16:17.430128 [debug] [ThreadPool]: On list_warehouse_public: BEGIN
[0m16:16:17.430128 [debug] [ThreadPool]: Opening a new connection, currently in state init
[0m16:16:17.489866 [debug] [ThreadPool]: SQL status: BEGIN in 0.059 seconds
[0m16:16:17.489866 [debug] [ThreadPool]: Using postgres connection "list_warehouse_public"
[0m16:16:17.489866 [debug] [ThreadPool]: On list_warehouse_public: /* {"app": "dbt", "dbt_version": "1.9.2", "profile_name": "de_project", "target_name": "dev", "connection_name": "list_warehouse_public"} */
select
      'warehouse' as database,
      tablename as name,
      schemaname as schema,
      'table' as type
    from pg_tables
    where schemaname ilike 'public'
    union all
    select
      'warehouse' as database,
      viewname as name,
      schemaname as schema,
      'view' as type
    from pg_views
    where schemaname ilike 'public'
    union all
    select
      'warehouse' as database,
      matviewname as name,
      schemaname as schema,
      'materialized_view' as type
    from pg_matviews
    where schemaname ilike 'public'
  
[0m16:16:17.518254 [debug] [ThreadPool]: SQL status: SELECT 3 in 0.028 seconds
[0m16:16:17.520256 [debug] [ThreadPool]: On list_warehouse_public: ROLLBACK
[0m16:16:17.521253 [debug] [ThreadPool]: On list_warehouse_public: Close
[0m16:16:17.527252 [debug] [MainThread]: Using postgres connection "master"
[0m16:16:17.527252 [debug] [MainThread]: On master: BEGIN
[0m16:16:17.528252 [debug] [MainThread]: Opening a new connection, currently in state init
[0m16:16:17.575024 [debug] [MainThread]: SQL status: BEGIN in 0.047 seconds
[0m16:16:17.575024 [debug] [MainThread]: Using postgres connection "master"
[0m16:16:17.576024 [debug] [MainThread]: On master: /* {"app": "dbt", "dbt_version": "1.9.2", "profile_name": "de_project", "target_name": "dev", "connection_name": "master"} */
with relation as (
        select
            pg_rewrite.ev_class as class,
            pg_rewrite.oid as id
        from pg_rewrite
    ),
    class as (
        select
            oid as id,
            relname as name,
            relnamespace as schema,
            relkind as kind
        from pg_class
    ),
    dependency as (
        select distinct
            pg_depend.objid as id,
            pg_depend.refobjid as ref
        from pg_depend
    ),
    schema as (
        select
            pg_namespace.oid as id,
            pg_namespace.nspname as name
        from pg_namespace
        where nspname != 'information_schema' and nspname not like 'pg\_%'
    ),
    referenced as (
        select
            relation.id AS id,
            referenced_class.name ,
            referenced_class.schema ,
            referenced_class.kind
        from relation
        join class as referenced_class on relation.class=referenced_class.id
        where referenced_class.kind in ('r', 'v', 'm')
    ),
    relationships as (
        select
            referenced.name as referenced_name,
            referenced.schema as referenced_schema_id,
            dependent_class.name as dependent_name,
            dependent_class.schema as dependent_schema_id,
            referenced.kind as kind
        from referenced
        join dependency on referenced.id=dependency.id
        join class as dependent_class on dependency.ref=dependent_class.id
        where
            (referenced.name != dependent_class.name or
             referenced.schema != dependent_class.schema)
    )

    select
        referenced_schema.name as referenced_schema,
        relationships.referenced_name as referenced_name,
        dependent_schema.name as dependent_schema,
        relationships.dependent_name as dependent_name
    from relationships
    join schema as dependent_schema on relationships.dependent_schema_id=dependent_schema.id
    join schema as referenced_schema on relationships.referenced_schema_id=referenced_schema.id
    group by referenced_schema, referenced_name, dependent_schema, dependent_name
    order by referenced_schema, referenced_name, dependent_schema, dependent_name;
[0m16:16:17.606901 [debug] [MainThread]: SQL status: SELECT 1 in 0.030 seconds
[0m16:16:17.608902 [debug] [MainThread]: Sending event: {'category': 'dbt', 'action': 'runnable_timing', 'label': '464726b4-4eb5-4401-888f-2334cfc44469', 'context': [<snowplow_tracker.self_describing_json.SelfDescribingJson object at 0x000002E84E1F26C0>]}
[0m16:16:17.609902 [debug] [MainThread]: On master: ROLLBACK
[0m16:16:17.611901 [debug] [MainThread]: Using postgres connection "master"
[0m16:16:17.611901 [debug] [MainThread]: On master: BEGIN
[0m16:16:17.613897 [debug] [MainThread]: SQL status: BEGIN in 0.002 seconds
[0m16:16:17.614901 [debug] [MainThread]: On master: COMMIT
[0m16:16:17.614901 [debug] [MainThread]: Using postgres connection "master"
[0m16:16:17.615901 [debug] [MainThread]: On master: COMMIT
[0m16:16:17.617904 [debug] [MainThread]: SQL status: COMMIT in 0.001 seconds
[0m16:16:17.618902 [debug] [MainThread]: On master: Close
[0m16:16:17.662836 [debug] [Thread-1 (]: Began running node model.de_project.my_first_dbt_model
[0m16:16:17.664837 [info ] [Thread-1 (]: 1 of 2 START sql table model public.my_first_dbt_model ......................... [RUN]
[0m16:16:17.669834 [debug] [Thread-1 (]: Acquiring new postgres connection 'model.de_project.my_first_dbt_model'
[0m16:16:17.670834 [debug] [Thread-1 (]: Began compiling node model.de_project.my_first_dbt_model
[0m16:16:17.678928 [debug] [Thread-1 (]: Writing injected SQL for node "model.de_project.my_first_dbt_model"
[0m16:16:17.682008 [debug] [Thread-1 (]: Began executing node model.de_project.my_first_dbt_model
[0m16:16:17.735733 [debug] [Thread-1 (]: Writing runtime sql for node "model.de_project.my_first_dbt_model"
[0m16:16:17.738298 [debug] [Thread-1 (]: Using postgres connection "model.de_project.my_first_dbt_model"
[0m16:16:17.739395 [debug] [Thread-1 (]: On model.de_project.my_first_dbt_model: BEGIN
[0m16:16:17.739395 [debug] [Thread-1 (]: Opening a new connection, currently in state init
[0m16:16:17.795423 [debug] [Thread-1 (]: SQL status: BEGIN in 0.056 seconds
[0m16:16:17.795423 [debug] [Thread-1 (]: Using postgres connection "model.de_project.my_first_dbt_model"
[0m16:16:17.796446 [debug] [Thread-1 (]: On model.de_project.my_first_dbt_model: /* {"app": "dbt", "dbt_version": "1.9.2", "profile_name": "de_project", "target_name": "dev", "node_id": "model.de_project.my_first_dbt_model"} */

  
    

  create  table "warehouse"."public"."my_first_dbt_model__dbt_tmp"
  
  
    as
  
  (
    /*
    Welcome to your first dbt model!
    Did you know that you can also configure models directly within SQL files?
    This will override configurations stated in dbt_project.yml

    Try changing "table" to "view" below
*/



with source_data as (

    select 1 as id
    union all
    select null as id

)

select *
from source_data

/*
    Uncomment the line below to remove records with null `id` values
*/

-- where id is not null
  );
  
[0m16:16:17.812146 [debug] [Thread-1 (]: SQL status: SELECT 2 in 0.015 seconds
[0m16:16:17.820710 [debug] [Thread-1 (]: Using postgres connection "model.de_project.my_first_dbt_model"
[0m16:16:17.821734 [debug] [Thread-1 (]: On model.de_project.my_first_dbt_model: /* {"app": "dbt", "dbt_version": "1.9.2", "profile_name": "de_project", "target_name": "dev", "node_id": "model.de_project.my_first_dbt_model"} */
alter table "warehouse"."public"."my_first_dbt_model" rename to "my_first_dbt_model__dbt_backup"
[0m16:16:17.825319 [debug] [Thread-1 (]: SQL status: ALTER TABLE in 0.003 seconds
[0m16:16:17.828334 [debug] [Thread-1 (]: Using postgres connection "model.de_project.my_first_dbt_model"
[0m16:16:17.829317 [debug] [Thread-1 (]: On model.de_project.my_first_dbt_model: /* {"app": "dbt", "dbt_version": "1.9.2", "profile_name": "de_project", "target_name": "dev", "node_id": "model.de_project.my_first_dbt_model"} */
alter table "warehouse"."public"."my_first_dbt_model__dbt_tmp" rename to "my_first_dbt_model"
[0m16:16:17.831318 [debug] [Thread-1 (]: SQL status: ALTER TABLE in 0.002 seconds
[0m16:16:17.853258 [debug] [Thread-1 (]: On model.de_project.my_first_dbt_model: COMMIT
[0m16:16:17.854260 [debug] [Thread-1 (]: Using postgres connection "model.de_project.my_first_dbt_model"
[0m16:16:17.854260 [debug] [Thread-1 (]: On model.de_project.my_first_dbt_model: COMMIT
[0m16:16:17.859329 [debug] [Thread-1 (]: SQL status: COMMIT in 0.005 seconds
[0m16:16:17.866759 [debug] [Thread-1 (]: Applying DROP to: "warehouse"."public"."my_first_dbt_model__dbt_backup"
[0m16:16:17.872981 [debug] [Thread-1 (]: Using postgres connection "model.de_project.my_first_dbt_model"
[0m16:16:17.872981 [debug] [Thread-1 (]: On model.de_project.my_first_dbt_model: /* {"app": "dbt", "dbt_version": "1.9.2", "profile_name": "de_project", "target_name": "dev", "node_id": "model.de_project.my_first_dbt_model"} */
drop table if exists "warehouse"."public"."my_first_dbt_model__dbt_backup" cascade
[0m16:16:17.895512 [debug] [Thread-1 (]: SQL status: DROP TABLE in 0.022 seconds
[0m16:16:17.897511 [debug] [Thread-1 (]: On model.de_project.my_first_dbt_model: Close
[0m16:16:17.902449 [debug] [Thread-1 (]: Sending event: {'category': 'dbt', 'action': 'run_model', 'label': '464726b4-4eb5-4401-888f-2334cfc44469', 'context': [<snowplow_tracker.self_describing_json.SelfDescribingJson object at 0x000002E849BDA2D0>]}
[0m16:16:17.902958 [info ] [Thread-1 (]: 1 of 2 OK created sql table model public.my_first_dbt_model .................... [[32mSELECT 2[0m in 0.23s]
[0m16:16:17.903966 [debug] [Thread-1 (]: Finished running node model.de_project.my_first_dbt_model
[0m16:16:17.904967 [debug] [Thread-3 (]: Began running node model.de_project.my_second_dbt_model
[0m16:16:17.905969 [info ] [Thread-3 (]: 2 of 2 START sql view model public.my_second_dbt_model ......................... [RUN]
[0m16:16:17.906964 [debug] [Thread-3 (]: Acquiring new postgres connection 'model.de_project.my_second_dbt_model'
[0m16:16:17.906964 [debug] [Thread-3 (]: Began compiling node model.de_project.my_second_dbt_model
[0m16:16:17.910066 [debug] [Thread-3 (]: Writing injected SQL for node "model.de_project.my_second_dbt_model"
[0m16:16:17.911379 [debug] [Thread-3 (]: Began executing node model.de_project.my_second_dbt_model
[0m16:16:17.930385 [debug] [Thread-3 (]: Writing runtime sql for node "model.de_project.my_second_dbt_model"
[0m16:16:17.931384 [debug] [Thread-3 (]: Using postgres connection "model.de_project.my_second_dbt_model"
[0m16:16:17.932389 [debug] [Thread-3 (]: On model.de_project.my_second_dbt_model: BEGIN
[0m16:16:17.932389 [debug] [Thread-3 (]: Opening a new connection, currently in state init
[0m16:16:17.991326 [debug] [Thread-3 (]: SQL status: BEGIN in 0.059 seconds
[0m16:16:17.992332 [debug] [Thread-3 (]: Using postgres connection "model.de_project.my_second_dbt_model"
[0m16:16:17.992332 [debug] [Thread-3 (]: On model.de_project.my_second_dbt_model: /* {"app": "dbt", "dbt_version": "1.9.2", "profile_name": "de_project", "target_name": "dev", "node_id": "model.de_project.my_second_dbt_model"} */

  create view "warehouse"."public"."my_second_dbt_model__dbt_tmp"
    
    
  as (
    -- Use the `ref` function to select from other models

select *
from "warehouse"."public"."my_first_dbt_model"
where id = 1
  );
[0m16:16:18.012533 [debug] [Thread-3 (]: SQL status: CREATE VIEW in 0.019 seconds
[0m16:16:18.014591 [debug] [Thread-3 (]: Using postgres connection "model.de_project.my_second_dbt_model"
[0m16:16:18.015585 [debug] [Thread-3 (]: On model.de_project.my_second_dbt_model: /* {"app": "dbt", "dbt_version": "1.9.2", "profile_name": "de_project", "target_name": "dev", "node_id": "model.de_project.my_second_dbt_model"} */
alter table "warehouse"."public"."my_second_dbt_model__dbt_tmp" rename to "my_second_dbt_model"
[0m16:16:18.018497 [debug] [Thread-3 (]: SQL status: ALTER TABLE in 0.002 seconds
[0m16:16:18.020581 [debug] [Thread-3 (]: On model.de_project.my_second_dbt_model: COMMIT
[0m16:16:18.020581 [debug] [Thread-3 (]: Using postgres connection "model.de_project.my_second_dbt_model"
[0m16:16:18.021535 [debug] [Thread-3 (]: On model.de_project.my_second_dbt_model: COMMIT
[0m16:16:18.024744 [debug] [Thread-3 (]: SQL status: COMMIT in 0.004 seconds
[0m16:16:18.027745 [debug] [Thread-3 (]: Applying DROP to: "warehouse"."public"."my_second_dbt_model__dbt_backup"
[0m16:16:18.030745 [debug] [Thread-3 (]: Using postgres connection "model.de_project.my_second_dbt_model"
[0m16:16:18.030745 [debug] [Thread-3 (]: On model.de_project.my_second_dbt_model: /* {"app": "dbt", "dbt_version": "1.9.2", "profile_name": "de_project", "target_name": "dev", "node_id": "model.de_project.my_second_dbt_model"} */
drop view if exists "warehouse"."public"."my_second_dbt_model__dbt_backup" cascade
[0m16:16:18.034749 [debug] [Thread-3 (]: SQL status: DROP VIEW in 0.003 seconds
[0m16:16:18.036750 [debug] [Thread-3 (]: On model.de_project.my_second_dbt_model: Close
[0m16:16:18.037748 [debug] [Thread-3 (]: Sending event: {'category': 'dbt', 'action': 'run_model', 'label': '464726b4-4eb5-4401-888f-2334cfc44469', 'context': [<snowplow_tracker.self_describing_json.SelfDescribingJson object at 0x000002E84E5CDD00>]}
[0m16:16:18.037748 [info ] [Thread-3 (]: 2 of 2 OK created sql view model public.my_second_dbt_model .................... [[32mCREATE VIEW[0m in 0.13s]
[0m16:16:18.038754 [debug] [Thread-3 (]: Finished running node model.de_project.my_second_dbt_model
[0m16:16:18.040744 [debug] [MainThread]: Using postgres connection "master"
[0m16:16:18.040744 [debug] [MainThread]: On master: BEGIN
[0m16:16:18.041747 [debug] [MainThread]: Opening a new connection, currently in state closed
[0m16:16:18.109761 [debug] [MainThread]: SQL status: BEGIN in 0.068 seconds
[0m16:16:18.110765 [debug] [MainThread]: On master: COMMIT
[0m16:16:18.111488 [debug] [MainThread]: Using postgres connection "master"
[0m16:16:18.111488 [debug] [MainThread]: On master: COMMIT
[0m16:16:18.112496 [debug] [MainThread]: SQL status: COMMIT in 0.001 seconds
[0m16:16:18.112496 [debug] [MainThread]: On master: Close
[0m16:16:18.113518 [debug] [MainThread]: Connection 'master' was properly closed.
[0m16:16:18.114499 [debug] [MainThread]: Connection 'list_warehouse' was properly closed.
[0m16:16:18.114499 [debug] [MainThread]: Connection 'list_warehouse_public' was properly closed.
[0m16:16:18.114499 [debug] [MainThread]: Connection 'model.de_project.my_first_dbt_model' was properly closed.
[0m16:16:18.115495 [debug] [MainThread]: Connection 'model.de_project.my_second_dbt_model' was properly closed.
[0m16:16:18.116500 [info ] [MainThread]: 
[0m16:16:18.117495 [info ] [MainThread]: Finished running 1 table model, 1 view model in 0 hours 0 minutes and 0.89 seconds (0.89s).
[0m16:16:18.118497 [debug] [MainThread]: Command end result
[0m16:16:18.140551 [debug] [MainThread]: Wrote artifact WritableManifest to D:\DE\DataTalks\project\de_project\target\manifest.json
[0m16:16:18.142500 [debug] [MainThread]: Wrote artifact SemanticManifest to D:\DE\DataTalks\project\de_project\target\semantic_manifest.json
[0m16:16:18.149497 [debug] [MainThread]: Wrote artifact RunExecutionResult to D:\DE\DataTalks\project\de_project\target\run_results.json
[0m16:16:18.149497 [info ] [MainThread]: 
[0m16:16:18.151496 [info ] [MainThread]: [32mCompleted successfully[0m
[0m16:16:18.152497 [info ] [MainThread]: 
[0m16:16:18.152497 [info ] [MainThread]: Done. PASS=2 WARN=0 ERROR=0 SKIP=0 TOTAL=2
[0m16:16:18.153698 [debug] [MainThread]: Command `dbt run` succeeded at 16:16:18.153698 after 3.03 seconds
[0m16:16:18.154710 [debug] [MainThread]: Sending event: {'category': 'dbt', 'action': 'invocation', 'label': 'end', 'context': [<snowplow_tracker.self_describing_json.SelfDescribingJson object at 0x000002E84DFCCC80>, <snowplow_tracker.self_describing_json.SelfDescribingJson object at 0x000002E84C6CF380>, <snowplow_tracker.self_describing_json.SelfDescribingJson object at 0x000002E84C6CEFF0>]}
[0m16:16:18.154710 [debug] [MainThread]: Flushing usage events
[0m16:16:19.332904 [debug] [MainThread]: An error was encountered while trying to flush usage events
[0m21:31:16.907378 [debug] [MainThread]: Sending event: {'category': 'dbt', 'action': 'invocation', 'label': 'start', 'context': [<snowplow_tracker.self_describing_json.SelfDescribingJson object at 0x000001591347ECF0>, <snowplow_tracker.self_describing_json.SelfDescribingJson object at 0x0000015913D0DE80>, <snowplow_tracker.self_describing_json.SelfDescribingJson object at 0x0000015913D0DAC0>]}


============================== 21:31:16.915069 | fa006239-7cbf-4a7b-9fe1-1b03d5d70f5d ==============================
[0m21:31:16.915069 [info ] [MainThread]: Running with dbt=1.9.2
[0m21:31:16.916075 [debug] [MainThread]: running dbt with arguments {'printer_width': '80', 'indirect_selection': 'eager', 'log_cache_events': 'False', 'write_json': 'True', 'partial_parse': 'True', 'cache_selected_only': 'False', 'warn_error': 'None', 'fail_fast': 'False', 'profiles_dir': 'C:\\Users\\MinhThanh\\.dbt', 'log_path': 'D:\\DE\\DataTalks\\project\\de_project\\logs', 'debug': 'False', 'version_check': 'True', 'use_colors': 'True', 'use_experimental_parser': 'False', 'empty': 'False', 'quiet': 'False', 'no_print': 'None', 'log_format': 'default', 'invocation_command': 'dbt run --select report', 'warn_error_options': 'WarnErrorOptions(include=[], exclude=[])', 'introspect': 'True', 'target_path': 'None', 'static_parser': 'True', 'send_anonymous_usage_stats': 'True'}
[0m21:31:17.555079 [debug] [MainThread]: Sending event: {'category': 'dbt', 'action': 'project_id', 'label': 'fa006239-7cbf-4a7b-9fe1-1b03d5d70f5d', 'context': [<snowplow_tracker.self_describing_json.SelfDescribingJson object at 0x0000015913879250>]}
[0m21:31:17.613087 [debug] [MainThread]: Sending event: {'category': 'dbt', 'action': 'adapter_info', 'label': 'fa006239-7cbf-4a7b-9fe1-1b03d5d70f5d', 'context': [<snowplow_tracker.self_describing_json.SelfDescribingJson object at 0x0000015913857080>]}
[0m21:31:17.613087 [info ] [MainThread]: Registered adapter: postgres=1.9.0
[0m21:31:17.851631 [debug] [MainThread]: checksum: 12b12750b70de726cfd89136b8e24afc3f3e77597a97bff40ab7e5f9b39d5e18, vars: {}, profile: , target: , version: 1.9.2
[0m21:31:18.015061 [debug] [MainThread]: Partial parsing enabled: 0 files deleted, 1 files added, 0 files changed.
[0m21:31:18.015061 [debug] [MainThread]: Partial parsing: added file: de_project://models\staging\report.sql
[0m21:31:18.319174 [debug] [MainThread]: Sending event: {'category': 'dbt', 'action': 'load_project', 'label': 'fa006239-7cbf-4a7b-9fe1-1b03d5d70f5d', 'context': [<snowplow_tracker.self_describing_json.SelfDescribingJson object at 0x0000015915732120>]}
[0m21:31:18.399785 [debug] [MainThread]: Wrote artifact WritableManifest to D:\DE\DataTalks\project\de_project\target\manifest.json
[0m21:31:18.402787 [debug] [MainThread]: Wrote artifact SemanticManifest to D:\DE\DataTalks\project\de_project\target\semantic_manifest.json
[0m21:31:18.438755 [debug] [MainThread]: Sending event: {'category': 'dbt', 'action': 'resource_counts', 'label': 'fa006239-7cbf-4a7b-9fe1-1b03d5d70f5d', 'context': [<snowplow_tracker.self_describing_json.SelfDescribingJson object at 0x0000015915707CE0>]}
[0m21:31:18.439753 [info ] [MainThread]: Found 3 models, 4 data tests, 433 macros
[0m21:31:18.440754 [debug] [MainThread]: Sending event: {'category': 'dbt', 'action': 'runnable_timing', 'label': 'fa006239-7cbf-4a7b-9fe1-1b03d5d70f5d', 'context': [<snowplow_tracker.self_describing_json.SelfDescribingJson object at 0x00000159155E09B0>]}
[0m21:31:18.442757 [info ] [MainThread]: 
[0m21:31:18.442757 [info ] [MainThread]: Concurrency: 4 threads (target='dev')
[0m21:31:18.444263 [info ] [MainThread]: 
[0m21:31:18.445271 [debug] [MainThread]: Acquiring new postgres connection 'master'
[0m21:31:18.445271 [debug] [ThreadPool]: Acquiring new postgres connection 'list_warehouse'
[0m21:31:18.558425 [debug] [ThreadPool]: Using postgres connection "list_warehouse"
[0m21:31:18.558425 [debug] [ThreadPool]: On list_warehouse: /* {"app": "dbt", "dbt_version": "1.9.2", "profile_name": "de_project", "target_name": "dev", "connection_name": "list_warehouse"} */

    select distinct nspname from pg_namespace
  
[0m21:31:18.558425 [debug] [ThreadPool]: Opening a new connection, currently in state init
[0m21:31:18.618160 [debug] [ThreadPool]: SQL status: SELECT 4 in 0.059 seconds
[0m21:31:18.619183 [debug] [ThreadPool]: On list_warehouse: Close
[0m21:31:18.626195 [debug] [ThreadPool]: Acquiring new postgres connection 'list_warehouse_public'
[0m21:31:18.632795 [debug] [ThreadPool]: Using postgres connection "list_warehouse_public"
[0m21:31:18.632795 [debug] [ThreadPool]: On list_warehouse_public: BEGIN
[0m21:31:18.632795 [debug] [ThreadPool]: Opening a new connection, currently in state init
[0m21:31:18.691717 [debug] [ThreadPool]: SQL status: BEGIN in 0.058 seconds
[0m21:31:18.691717 [debug] [ThreadPool]: Using postgres connection "list_warehouse_public"
[0m21:31:18.691717 [debug] [ThreadPool]: On list_warehouse_public: /* {"app": "dbt", "dbt_version": "1.9.2", "profile_name": "de_project", "target_name": "dev", "connection_name": "list_warehouse_public"} */
select
      'warehouse' as database,
      tablename as name,
      schemaname as schema,
      'table' as type
    from pg_tables
    where schemaname ilike 'public'
    union all
    select
      'warehouse' as database,
      viewname as name,
      schemaname as schema,
      'view' as type
    from pg_views
    where schemaname ilike 'public'
    union all
    select
      'warehouse' as database,
      matviewname as name,
      schemaname as schema,
      'materialized_view' as type
    from pg_matviews
    where schemaname ilike 'public'
  
[0m21:31:18.699848 [debug] [ThreadPool]: SQL status: SELECT 3 in 0.007 seconds
[0m21:31:18.700858 [debug] [ThreadPool]: On list_warehouse_public: ROLLBACK
[0m21:31:18.702847 [debug] [ThreadPool]: On list_warehouse_public: Close
[0m21:31:18.709542 [debug] [MainThread]: Using postgres connection "master"
[0m21:31:18.710541 [debug] [MainThread]: On master: BEGIN
[0m21:31:18.710541 [debug] [MainThread]: Opening a new connection, currently in state init
[0m21:31:18.768455 [debug] [MainThread]: SQL status: BEGIN in 0.058 seconds
[0m21:31:18.768455 [debug] [MainThread]: Using postgres connection "master"
[0m21:31:18.768455 [debug] [MainThread]: On master: /* {"app": "dbt", "dbt_version": "1.9.2", "profile_name": "de_project", "target_name": "dev", "connection_name": "master"} */
with relation as (
        select
            pg_rewrite.ev_class as class,
            pg_rewrite.oid as id
        from pg_rewrite
    ),
    class as (
        select
            oid as id,
            relname as name,
            relnamespace as schema,
            relkind as kind
        from pg_class
    ),
    dependency as (
        select distinct
            pg_depend.objid as id,
            pg_depend.refobjid as ref
        from pg_depend
    ),
    schema as (
        select
            pg_namespace.oid as id,
            pg_namespace.nspname as name
        from pg_namespace
        where nspname != 'information_schema' and nspname not like 'pg\_%'
    ),
    referenced as (
        select
            relation.id AS id,
            referenced_class.name ,
            referenced_class.schema ,
            referenced_class.kind
        from relation
        join class as referenced_class on relation.class=referenced_class.id
        where referenced_class.kind in ('r', 'v', 'm')
    ),
    relationships as (
        select
            referenced.name as referenced_name,
            referenced.schema as referenced_schema_id,
            dependent_class.name as dependent_name,
            dependent_class.schema as dependent_schema_id,
            referenced.kind as kind
        from referenced
        join dependency on referenced.id=dependency.id
        join class as dependent_class on dependency.ref=dependent_class.id
        where
            (referenced.name != dependent_class.name or
             referenced.schema != dependent_class.schema)
    )

    select
        referenced_schema.name as referenced_schema,
        relationships.referenced_name as referenced_name,
        dependent_schema.name as dependent_schema,
        relationships.dependent_name as dependent_name
    from relationships
    join schema as dependent_schema on relationships.dependent_schema_id=dependent_schema.id
    join schema as referenced_schema on relationships.referenced_schema_id=referenced_schema.id
    group by referenced_schema, referenced_name, dependent_schema, dependent_name
    order by referenced_schema, referenced_name, dependent_schema, dependent_name;
[0m21:31:18.781362 [debug] [MainThread]: SQL status: SELECT 1 in 0.012 seconds
[0m21:31:18.783385 [debug] [MainThread]: Sending event: {'category': 'dbt', 'action': 'runnable_timing', 'label': 'fa006239-7cbf-4a7b-9fe1-1b03d5d70f5d', 'context': [<snowplow_tracker.self_describing_json.SelfDescribingJson object at 0x00000159156F5E50>]}
[0m21:31:18.783385 [debug] [MainThread]: On master: ROLLBACK
[0m21:31:18.784360 [debug] [MainThread]: Using postgres connection "master"
[0m21:31:18.784360 [debug] [MainThread]: On master: BEGIN
[0m21:31:18.786794 [debug] [MainThread]: SQL status: BEGIN in 0.001 seconds
[0m21:31:18.786794 [debug] [MainThread]: On master: COMMIT
[0m21:31:18.787792 [debug] [MainThread]: Using postgres connection "master"
[0m21:31:18.787792 [debug] [MainThread]: On master: COMMIT
[0m21:31:18.789793 [debug] [MainThread]: SQL status: COMMIT in 0.001 seconds
[0m21:31:18.789793 [debug] [MainThread]: On master: Close
[0m21:31:18.792793 [debug] [Thread-1 (]: Began running node model.de_project.report
[0m21:31:18.794299 [info ] [Thread-1 (]: 1 of 1 START sql view model public.report ...................................... [RUN]
[0m21:31:18.795306 [debug] [Thread-1 (]: Acquiring new postgres connection 'model.de_project.report'
[0m21:31:18.795306 [debug] [Thread-1 (]: Began compiling node model.de_project.report
[0m21:31:18.801453 [debug] [Thread-1 (]: Writing injected SQL for node "model.de_project.report"
[0m21:31:18.802365 [debug] [Thread-1 (]: Began executing node model.de_project.report
[0m21:31:18.845454 [debug] [Thread-1 (]: Writing runtime sql for node "model.de_project.report"
[0m21:31:18.846864 [debug] [Thread-1 (]: Using postgres connection "model.de_project.report"
[0m21:31:18.846864 [debug] [Thread-1 (]: On model.de_project.report: BEGIN
[0m21:31:18.847956 [debug] [Thread-1 (]: Opening a new connection, currently in state init
[0m21:31:18.948692 [debug] [Thread-1 (]: SQL status: BEGIN in 0.101 seconds
[0m21:31:18.948692 [debug] [Thread-1 (]: Using postgres connection "model.de_project.report"
[0m21:31:18.949716 [debug] [Thread-1 (]: On model.de_project.report: /* {"app": "dbt", "dbt_version": "1.9.2", "profile_name": "de_project", "target_name": "dev", "node_id": "model.de_project.report"} */

  create view "warehouse"."public"."report__dbt_tmp"
    
    
  as (
    SELECT COUNT(unique_id)
FROM public.finacial_transactions
GROUP BY type
  );
[0m21:31:18.953091 [debug] [Thread-1 (]: Postgres adapter: Postgres error: relation "public.finacial_transactions" does not exist
LINE 8: FROM public.finacial_transactions
             ^

[0m21:31:18.953091 [debug] [Thread-1 (]: On model.de_project.report: ROLLBACK
[0m21:31:18.955118 [debug] [Thread-1 (]: On model.de_project.report: Close
[0m21:31:18.962854 [debug] [Thread-1 (]: Database Error in model report (models\staging\report.sql)
  relation "public.finacial_transactions" does not exist
  LINE 8: FROM public.finacial_transactions
               ^
  compiled code at target\run\de_project\models\staging\report.sql
[0m21:31:18.964362 [debug] [Thread-1 (]: Sending event: {'category': 'dbt', 'action': 'run_model', 'label': 'fa006239-7cbf-4a7b-9fe1-1b03d5d70f5d', 'context': [<snowplow_tracker.self_describing_json.SelfDescribingJson object at 0x00000159155E11F0>]}
[0m21:31:18.965875 [error] [Thread-1 (]: 1 of 1 ERROR creating sql view model public.report ............................. [[31mERROR[0m in 0.17s]
[0m21:31:18.966329 [debug] [Thread-1 (]: Finished running node model.de_project.report
[0m21:31:18.966909 [debug] [Thread-7 (]: Marking all children of 'model.de_project.report' to be skipped because of status 'error'.  Reason: Database Error in model report (models\staging\report.sql)
  relation "public.finacial_transactions" does not exist
  LINE 8: FROM public.finacial_transactions
               ^
  compiled code at target\run\de_project\models\staging\report.sql.
[0m21:31:18.968928 [debug] [MainThread]: Using postgres connection "master"
[0m21:31:18.968928 [debug] [MainThread]: On master: BEGIN
[0m21:31:18.968928 [debug] [MainThread]: Opening a new connection, currently in state closed
[0m21:31:19.038000 [debug] [MainThread]: SQL status: BEGIN in 0.068 seconds
[0m21:31:19.038000 [debug] [MainThread]: On master: COMMIT
[0m21:31:19.038996 [debug] [MainThread]: Using postgres connection "master"
[0m21:31:19.038996 [debug] [MainThread]: On master: COMMIT
[0m21:31:19.039996 [debug] [MainThread]: SQL status: COMMIT in 0.001 seconds
[0m21:31:19.040999 [debug] [MainThread]: On master: Close
[0m21:31:19.041997 [debug] [MainThread]: Connection 'master' was properly closed.
[0m21:31:19.041997 [debug] [MainThread]: Connection 'list_warehouse' was properly closed.
[0m21:31:19.042996 [debug] [MainThread]: Connection 'list_warehouse_public' was properly closed.
[0m21:31:19.042996 [debug] [MainThread]: Connection 'model.de_project.report' was properly closed.
[0m21:31:19.042996 [info ] [MainThread]: 
[0m21:31:19.042996 [info ] [MainThread]: Finished running 1 view model in 0 hours 0 minutes and 0.60 seconds (0.60s).
[0m21:31:19.045514 [debug] [MainThread]: Command end result
[0m21:31:19.070724 [debug] [MainThread]: Wrote artifact WritableManifest to D:\DE\DataTalks\project\de_project\target\manifest.json
[0m21:31:19.075239 [debug] [MainThread]: Wrote artifact SemanticManifest to D:\DE\DataTalks\project\de_project\target\semantic_manifest.json
[0m21:31:19.082282 [debug] [MainThread]: Wrote artifact RunExecutionResult to D:\DE\DataTalks\project\de_project\target\run_results.json
[0m21:31:19.083283 [info ] [MainThread]: 
[0m21:31:19.083283 [info ] [MainThread]: [31mCompleted with 1 error, 0 partial successes, and 0 warnings:[0m
[0m21:31:19.084282 [info ] [MainThread]: 
[0m21:31:19.084282 [error] [MainThread]:   Database Error in model report (models\staging\report.sql)
  relation "public.finacial_transactions" does not exist
  LINE 8: FROM public.finacial_transactions
               ^
  compiled code at target\run\de_project\models\staging\report.sql
[0m21:31:19.085504 [info ] [MainThread]: 
[0m21:31:19.086512 [info ] [MainThread]: Done. PASS=0 WARN=0 ERROR=1 SKIP=0 TOTAL=1
[0m21:31:19.087514 [debug] [MainThread]: Command `dbt run` failed at 21:31:19.087514 after 2.40 seconds
[0m21:31:19.089512 [debug] [MainThread]: Sending event: {'category': 'dbt', 'action': 'invocation', 'label': 'end', 'context': [<snowplow_tracker.self_describing_json.SelfDescribingJson object at 0x0000015913AA7380>, <snowplow_tracker.self_describing_json.SelfDescribingJson object at 0x0000015913879040>, <snowplow_tracker.self_describing_json.SelfDescribingJson object at 0x000001591387A300>]}
[0m21:31:19.090512 [debug] [MainThread]: Flushing usage events
[0m21:31:20.338821 [debug] [MainThread]: An error was encountered while trying to flush usage events
[0m21:33:46.955117 [debug] [MainThread]: Sending event: {'category': 'dbt', 'action': 'invocation', 'label': 'start', 'context': [<snowplow_tracker.self_describing_json.SelfDescribingJson object at 0x00000204273AD250>, <snowplow_tracker.self_describing_json.SelfDescribingJson object at 0x00000204273AD1F0>, <snowplow_tracker.self_describing_json.SelfDescribingJson object at 0x00000204273AD310>]}


============================== 21:33:46.959885 | a1ebc283-b72f-4a3d-8ebe-1ae970031932 ==============================
[0m21:33:46.959885 [info ] [MainThread]: Running with dbt=1.9.2
[0m21:33:46.960884 [debug] [MainThread]: running dbt with arguments {'printer_width': '80', 'indirect_selection': 'eager', 'write_json': 'True', 'log_cache_events': 'False', 'partial_parse': 'True', 'cache_selected_only': 'False', 'warn_error': 'None', 'fail_fast': 'False', 'debug': 'False', 'log_path': 'D:\\DE\\DataTalks\\project\\de_project\\logs', 'version_check': 'True', 'profiles_dir': 'C:\\Users\\MinhThanh\\.dbt', 'use_colors': 'True', 'use_experimental_parser': 'False', 'empty': 'False', 'quiet': 'False', 'no_print': 'None', 'warn_error_options': 'WarnErrorOptions(include=[], exclude=[])', 'invocation_command': 'dbt run --select report', 'introspect': 'True', 'log_format': 'default', 'target_path': 'None', 'static_parser': 'True', 'send_anonymous_usage_stats': 'True'}
[0m21:33:47.143353 [debug] [MainThread]: Sending event: {'category': 'dbt', 'action': 'project_id', 'label': 'a1ebc283-b72f-4a3d-8ebe-1ae970031932', 'context': [<snowplow_tracker.self_describing_json.SelfDescribingJson object at 0x00000204269CC6E0>]}
[0m21:33:47.215113 [debug] [MainThread]: Sending event: {'category': 'dbt', 'action': 'adapter_info', 'label': 'a1ebc283-b72f-4a3d-8ebe-1ae970031932', 'context': [<snowplow_tracker.self_describing_json.SelfDescribingJson object at 0x0000020423D13230>]}
[0m21:33:47.216690 [info ] [MainThread]: Registered adapter: postgres=1.9.0
[0m21:33:47.442803 [debug] [MainThread]: checksum: 12b12750b70de726cfd89136b8e24afc3f3e77597a97bff40ab7e5f9b39d5e18, vars: {}, profile: , target: , version: 1.9.2
[0m21:33:47.578669 [debug] [MainThread]: Partial parsing enabled: 0 files deleted, 0 files added, 1 files changed.
[0m21:33:47.579671 [debug] [MainThread]: Partial parsing: updated file: de_project://models\staging\report.sql
[0m21:33:47.906160 [debug] [MainThread]: Sending event: {'category': 'dbt', 'action': 'load_project', 'label': 'a1ebc283-b72f-4a3d-8ebe-1ae970031932', 'context': [<snowplow_tracker.self_describing_json.SelfDescribingJson object at 0x0000020428F62300>]}
[0m21:33:48.032859 [debug] [MainThread]: Wrote artifact WritableManifest to D:\DE\DataTalks\project\de_project\target\manifest.json
[0m21:33:48.039212 [debug] [MainThread]: Wrote artifact SemanticManifest to D:\DE\DataTalks\project\de_project\target\semantic_manifest.json
[0m21:33:48.064476 [debug] [MainThread]: Sending event: {'category': 'dbt', 'action': 'resource_counts', 'label': 'a1ebc283-b72f-4a3d-8ebe-1ae970031932', 'context': [<snowplow_tracker.self_describing_json.SelfDescribingJson object at 0x0000020428F3FC50>]}
[0m21:33:48.065947 [info ] [MainThread]: Found 3 models, 4 data tests, 433 macros
[0m21:33:48.066958 [debug] [MainThread]: Sending event: {'category': 'dbt', 'action': 'runnable_timing', 'label': 'a1ebc283-b72f-4a3d-8ebe-1ae970031932', 'context': [<snowplow_tracker.self_describing_json.SelfDescribingJson object at 0x00000204276DE810>]}
[0m21:33:48.068563 [info ] [MainThread]: 
[0m21:33:48.069543 [info ] [MainThread]: Concurrency: 4 threads (target='dev')
[0m21:33:48.069543 [info ] [MainThread]: 
[0m21:33:48.070545 [debug] [MainThread]: Acquiring new postgres connection 'master'
[0m21:33:48.071547 [debug] [ThreadPool]: Acquiring new postgres connection 'list_warehouse'
[0m21:33:48.142498 [debug] [ThreadPool]: Using postgres connection "list_warehouse"
[0m21:33:48.143495 [debug] [ThreadPool]: On list_warehouse: /* {"app": "dbt", "dbt_version": "1.9.2", "profile_name": "de_project", "target_name": "dev", "connection_name": "list_warehouse"} */

    select distinct nspname from pg_namespace
  
[0m21:33:48.143495 [debug] [ThreadPool]: Opening a new connection, currently in state init
[0m21:33:48.206073 [debug] [ThreadPool]: SQL status: SELECT 4 in 0.063 seconds
[0m21:33:48.208073 [debug] [ThreadPool]: On list_warehouse: Close
[0m21:33:48.213075 [debug] [ThreadPool]: Acquiring new postgres connection 'list_warehouse_public'
[0m21:33:48.222765 [debug] [ThreadPool]: Using postgres connection "list_warehouse_public"
[0m21:33:48.222765 [debug] [ThreadPool]: On list_warehouse_public: BEGIN
[0m21:33:48.222765 [debug] [ThreadPool]: Opening a new connection, currently in state init
[0m21:33:48.288030 [debug] [ThreadPool]: SQL status: BEGIN in 0.065 seconds
[0m21:33:48.289032 [debug] [ThreadPool]: Using postgres connection "list_warehouse_public"
[0m21:33:48.290032 [debug] [ThreadPool]: On list_warehouse_public: /* {"app": "dbt", "dbt_version": "1.9.2", "profile_name": "de_project", "target_name": "dev", "connection_name": "list_warehouse_public"} */
select
      'warehouse' as database,
      tablename as name,
      schemaname as schema,
      'table' as type
    from pg_tables
    where schemaname ilike 'public'
    union all
    select
      'warehouse' as database,
      viewname as name,
      schemaname as schema,
      'view' as type
    from pg_views
    where schemaname ilike 'public'
    union all
    select
      'warehouse' as database,
      matviewname as name,
      schemaname as schema,
      'materialized_view' as type
    from pg_matviews
    where schemaname ilike 'public'
  
[0m21:33:48.297703 [debug] [ThreadPool]: SQL status: SELECT 3 in 0.007 seconds
[0m21:33:48.298706 [debug] [ThreadPool]: On list_warehouse_public: ROLLBACK
[0m21:33:48.300702 [debug] [ThreadPool]: On list_warehouse_public: Close
[0m21:33:48.308707 [debug] [MainThread]: Using postgres connection "master"
[0m21:33:48.309706 [debug] [MainThread]: On master: BEGIN
[0m21:33:48.309706 [debug] [MainThread]: Opening a new connection, currently in state init
[0m21:33:48.359143 [debug] [MainThread]: SQL status: BEGIN in 0.050 seconds
[0m21:33:48.360145 [debug] [MainThread]: Using postgres connection "master"
[0m21:33:48.360145 [debug] [MainThread]: On master: /* {"app": "dbt", "dbt_version": "1.9.2", "profile_name": "de_project", "target_name": "dev", "connection_name": "master"} */
with relation as (
        select
            pg_rewrite.ev_class as class,
            pg_rewrite.oid as id
        from pg_rewrite
    ),
    class as (
        select
            oid as id,
            relname as name,
            relnamespace as schema,
            relkind as kind
        from pg_class
    ),
    dependency as (
        select distinct
            pg_depend.objid as id,
            pg_depend.refobjid as ref
        from pg_depend
    ),
    schema as (
        select
            pg_namespace.oid as id,
            pg_namespace.nspname as name
        from pg_namespace
        where nspname != 'information_schema' and nspname not like 'pg\_%'
    ),
    referenced as (
        select
            relation.id AS id,
            referenced_class.name ,
            referenced_class.schema ,
            referenced_class.kind
        from relation
        join class as referenced_class on relation.class=referenced_class.id
        where referenced_class.kind in ('r', 'v', 'm')
    ),
    relationships as (
        select
            referenced.name as referenced_name,
            referenced.schema as referenced_schema_id,
            dependent_class.name as dependent_name,
            dependent_class.schema as dependent_schema_id,
            referenced.kind as kind
        from referenced
        join dependency on referenced.id=dependency.id
        join class as dependent_class on dependency.ref=dependent_class.id
        where
            (referenced.name != dependent_class.name or
             referenced.schema != dependent_class.schema)
    )

    select
        referenced_schema.name as referenced_schema,
        relationships.referenced_name as referenced_name,
        dependent_schema.name as dependent_schema,
        relationships.dependent_name as dependent_name
    from relationships
    join schema as dependent_schema on relationships.dependent_schema_id=dependent_schema.id
    join schema as referenced_schema on relationships.referenced_schema_id=referenced_schema.id
    group by referenced_schema, referenced_name, dependent_schema, dependent_name
    order by referenced_schema, referenced_name, dependent_schema, dependent_name;
[0m21:33:48.370777 [debug] [MainThread]: SQL status: SELECT 1 in 0.010 seconds
[0m21:33:48.371778 [debug] [MainThread]: Sending event: {'category': 'dbt', 'action': 'runnable_timing', 'label': 'a1ebc283-b72f-4a3d-8ebe-1ae970031932', 'context': [<snowplow_tracker.self_describing_json.SelfDescribingJson object at 0x00000204292BBBC0>]}
[0m21:33:48.372778 [debug] [MainThread]: On master: ROLLBACK
[0m21:33:48.374287 [debug] [MainThread]: Using postgres connection "master"
[0m21:33:48.375439 [debug] [MainThread]: On master: BEGIN
[0m21:33:48.377448 [debug] [MainThread]: SQL status: BEGIN in 0.002 seconds
[0m21:33:48.377448 [debug] [MainThread]: On master: COMMIT
[0m21:33:48.377448 [debug] [MainThread]: Using postgres connection "master"
[0m21:33:48.378450 [debug] [MainThread]: On master: COMMIT
[0m21:33:48.379451 [debug] [MainThread]: SQL status: COMMIT in 0.001 seconds
[0m21:33:48.379451 [debug] [MainThread]: On master: Close
[0m21:33:48.382450 [debug] [Thread-1 (]: Began running node model.de_project.report
[0m21:33:48.383448 [info ] [Thread-1 (]: 1 of 1 START sql view model public.report ...................................... [RUN]
[0m21:33:48.385505 [debug] [Thread-1 (]: Acquiring new postgres connection 'model.de_project.report'
[0m21:33:48.386577 [debug] [Thread-1 (]: Began compiling node model.de_project.report
[0m21:33:48.394576 [debug] [Thread-1 (]: Writing injected SQL for node "model.de_project.report"
[0m21:33:48.396099 [debug] [Thread-1 (]: Began executing node model.de_project.report
[0m21:33:48.438413 [debug] [Thread-1 (]: Writing runtime sql for node "model.de_project.report"
[0m21:33:48.439411 [debug] [Thread-1 (]: Using postgres connection "model.de_project.report"
[0m21:33:48.439411 [debug] [Thread-1 (]: On model.de_project.report: BEGIN
[0m21:33:48.439411 [debug] [Thread-1 (]: Opening a new connection, currently in state init
[0m21:33:48.495253 [debug] [Thread-1 (]: SQL status: BEGIN in 0.056 seconds
[0m21:33:48.496266 [debug] [Thread-1 (]: Using postgres connection "model.de_project.report"
[0m21:33:48.496867 [debug] [Thread-1 (]: On model.de_project.report: /* {"app": "dbt", "dbt_version": "1.9.2", "profile_name": "de_project", "target_name": "dev", "node_id": "model.de_project.report"} */

  create view "warehouse"."public"."report__dbt_tmp"
    
    
  as (
    SELECT COUNT(unique_id)
FROM public.financial_transactions
GROUP BY type
  );
[0m21:33:48.512465 [debug] [Thread-1 (]: SQL status: CREATE VIEW in 0.015 seconds
[0m21:33:48.518599 [debug] [Thread-1 (]: Using postgres connection "model.de_project.report"
[0m21:33:48.518599 [debug] [Thread-1 (]: On model.de_project.report: /* {"app": "dbt", "dbt_version": "1.9.2", "profile_name": "de_project", "target_name": "dev", "node_id": "model.de_project.report"} */
alter table "warehouse"."public"."report__dbt_tmp" rename to "report"
[0m21:33:48.520582 [debug] [Thread-1 (]: SQL status: ALTER TABLE in 0.001 seconds
[0m21:33:48.535286 [debug] [Thread-1 (]: On model.de_project.report: COMMIT
[0m21:33:48.536297 [debug] [Thread-1 (]: Using postgres connection "model.de_project.report"
[0m21:33:48.536297 [debug] [Thread-1 (]: On model.de_project.report: COMMIT
[0m21:33:48.541898 [debug] [Thread-1 (]: SQL status: COMMIT in 0.005 seconds
[0m21:33:48.547922 [debug] [Thread-1 (]: Applying DROP to: "warehouse"."public"."report__dbt_backup"
[0m21:33:48.552921 [debug] [Thread-1 (]: Using postgres connection "model.de_project.report"
[0m21:33:48.552921 [debug] [Thread-1 (]: On model.de_project.report: /* {"app": "dbt", "dbt_version": "1.9.2", "profile_name": "de_project", "target_name": "dev", "node_id": "model.de_project.report"} */
drop view if exists "warehouse"."public"."report__dbt_backup" cascade
[0m21:33:48.554465 [debug] [Thread-1 (]: SQL status: DROP VIEW in 0.001 seconds
[0m21:33:48.557608 [debug] [Thread-1 (]: On model.de_project.report: Close
[0m21:33:48.560611 [debug] [Thread-1 (]: Sending event: {'category': 'dbt', 'action': 'run_model', 'label': 'a1ebc283-b72f-4a3d-8ebe-1ae970031932', 'context': [<snowplow_tracker.self_describing_json.SelfDescribingJson object at 0x000002042489A300>]}
[0m21:33:48.561608 [info ] [Thread-1 (]: 1 of 1 OK created sql view model public.report ................................. [[32mCREATE VIEW[0m in 0.17s]
[0m21:33:48.562604 [debug] [Thread-1 (]: Finished running node model.de_project.report
[0m21:33:48.565114 [debug] [MainThread]: Using postgres connection "master"
[0m21:33:48.565114 [debug] [MainThread]: On master: BEGIN
[0m21:33:48.565114 [debug] [MainThread]: Opening a new connection, currently in state closed
[0m21:33:48.643415 [debug] [MainThread]: SQL status: BEGIN in 0.078 seconds
[0m21:33:48.643415 [debug] [MainThread]: On master: COMMIT
[0m21:33:48.644444 [debug] [MainThread]: Using postgres connection "master"
[0m21:33:48.644444 [debug] [MainThread]: On master: COMMIT
[0m21:33:48.645478 [debug] [MainThread]: SQL status: COMMIT in 0.001 seconds
[0m21:33:48.645478 [debug] [MainThread]: On master: Close
[0m21:33:48.647011 [debug] [MainThread]: Connection 'master' was properly closed.
[0m21:33:48.647011 [debug] [MainThread]: Connection 'list_warehouse' was properly closed.
[0m21:33:48.647011 [debug] [MainThread]: Connection 'list_warehouse_public' was properly closed.
[0m21:33:48.648042 [debug] [MainThread]: Connection 'model.de_project.report' was properly closed.
[0m21:33:48.649019 [info ] [MainThread]: 
[0m21:33:48.649019 [info ] [MainThread]: Finished running 1 view model in 0 hours 0 minutes and 0.58 seconds (0.58s).
[0m21:33:48.649945 [debug] [MainThread]: Command end result
[0m21:33:48.669043 [debug] [MainThread]: Wrote artifact WritableManifest to D:\DE\DataTalks\project\de_project\target\manifest.json
[0m21:33:48.672127 [debug] [MainThread]: Wrote artifact SemanticManifest to D:\DE\DataTalks\project\de_project\target\semantic_manifest.json
[0m21:33:48.680176 [debug] [MainThread]: Wrote artifact RunExecutionResult to D:\DE\DataTalks\project\de_project\target\run_results.json
[0m21:33:48.680176 [info ] [MainThread]: 
[0m21:33:48.681096 [info ] [MainThread]: [32mCompleted successfully[0m
[0m21:33:48.682096 [info ] [MainThread]: 
[0m21:33:48.683096 [info ] [MainThread]: Done. PASS=1 WARN=0 ERROR=0 SKIP=0 TOTAL=1
[0m21:33:48.683096 [debug] [MainThread]: Command `dbt run` succeeded at 21:33:48.683096 after 1.96 seconds
[0m21:33:48.683096 [debug] [MainThread]: Sending event: {'category': 'dbt', 'action': 'invocation', 'label': 'end', 'context': [<snowplow_tracker.self_describing_json.SelfDescribingJson object at 0x00000204274C43B0>, <snowplow_tracker.self_describing_json.SelfDescribingJson object at 0x0000020426952540>, <snowplow_tracker.self_describing_json.SelfDescribingJson object at 0x00000204269518B0>]}
[0m21:33:48.683096 [debug] [MainThread]: Flushing usage events
[0m21:33:49.959629 [debug] [MainThread]: An error was encountered while trying to flush usage events
[0m21:34:18.111112 [debug] [MainThread]: Sending event: {'category': 'dbt', 'action': 'invocation', 'label': 'start', 'context': [<snowplow_tracker.self_describing_json.SelfDescribingJson object at 0x00000295152CDEE0>, <snowplow_tracker.self_describing_json.SelfDescribingJson object at 0x000002951A8B1970>, <snowplow_tracker.self_describing_json.SelfDescribingJson object at 0x000002951A8B3E00>]}


============================== 21:34:18.115476 | 508190cc-fc7e-4a04-a546-cbc8b9ef5804 ==============================
[0m21:34:18.115476 [info ] [MainThread]: Running with dbt=1.9.2
[0m21:34:18.116479 [debug] [MainThread]: running dbt with arguments {'printer_width': '80', 'indirect_selection': 'eager', 'write_json': 'True', 'log_cache_events': 'False', 'partial_parse': 'True', 'cache_selected_only': 'False', 'profiles_dir': 'C:\\Users\\MinhThanh\\.dbt', 'version_check': 'True', 'fail_fast': 'False', 'log_path': 'D:\\DE\\DataTalks\\project\\de_project\\logs', 'warn_error': 'None', 'debug': 'False', 'use_colors': 'True', 'use_experimental_parser': 'False', 'no_print': 'None', 'quiet': 'False', 'empty': 'False', 'warn_error_options': 'WarnErrorOptions(include=[], exclude=[])', 'introspect': 'True', 'invocation_command': 'dbt run --select report', 'static_parser': 'True', 'target_path': 'None', 'log_format': 'default', 'send_anonymous_usage_stats': 'True'}
[0m21:34:18.308416 [debug] [MainThread]: Sending event: {'category': 'dbt', 'action': 'project_id', 'label': '508190cc-fc7e-4a04-a546-cbc8b9ef5804', 'context': [<snowplow_tracker.self_describing_json.SelfDescribingJson object at 0x000002951B4940B0>]}
[0m21:34:18.361155 [debug] [MainThread]: Sending event: {'category': 'dbt', 'action': 'adapter_info', 'label': '508190cc-fc7e-4a04-a546-cbc8b9ef5804', 'context': [<snowplow_tracker.self_describing_json.SelfDescribingJson object at 0x000002951B9B0080>]}
[0m21:34:18.362164 [info ] [MainThread]: Registered adapter: postgres=1.9.0
[0m21:34:18.541504 [debug] [MainThread]: checksum: 12b12750b70de726cfd89136b8e24afc3f3e77597a97bff40ab7e5f9b39d5e18, vars: {}, profile: , target: , version: 1.9.2
[0m21:34:18.650247 [debug] [MainThread]: Partial parsing enabled: 0 files deleted, 0 files added, 1 files changed.
[0m21:34:18.651237 [debug] [MainThread]: Partial parsing: updated file: de_project://models\staging\report.sql
[0m21:34:18.885424 [debug] [MainThread]: Sending event: {'category': 'dbt', 'action': 'load_project', 'label': '508190cc-fc7e-4a04-a546-cbc8b9ef5804', 'context': [<snowplow_tracker.self_describing_json.SelfDescribingJson object at 0x000002951CEF2480>]}
[0m21:34:18.948310 [debug] [MainThread]: Wrote artifact WritableManifest to D:\DE\DataTalks\project\de_project\target\manifest.json
[0m21:34:18.951313 [debug] [MainThread]: Wrote artifact SemanticManifest to D:\DE\DataTalks\project\de_project\target\semantic_manifest.json
[0m21:34:18.967374 [debug] [MainThread]: Sending event: {'category': 'dbt', 'action': 'resource_counts', 'label': '508190cc-fc7e-4a04-a546-cbc8b9ef5804', 'context': [<snowplow_tracker.self_describing_json.SelfDescribingJson object at 0x000002951CDBE9C0>]}
[0m21:34:18.967374 [info ] [MainThread]: Found 3 models, 4 data tests, 433 macros
[0m21:34:18.969105 [debug] [MainThread]: Sending event: {'category': 'dbt', 'action': 'runnable_timing', 'label': '508190cc-fc7e-4a04-a546-cbc8b9ef5804', 'context': [<snowplow_tracker.self_describing_json.SelfDescribingJson object at 0x000002951CDDDE80>]}
[0m21:34:18.970113 [info ] [MainThread]: 
[0m21:34:18.972112 [info ] [MainThread]: Concurrency: 4 threads (target='dev')
[0m21:34:18.973089 [info ] [MainThread]: 
[0m21:34:18.973089 [debug] [MainThread]: Acquiring new postgres connection 'master'
[0m21:34:18.976783 [debug] [ThreadPool]: Acquiring new postgres connection 'list_warehouse'
[0m21:34:19.035398 [debug] [ThreadPool]: Using postgres connection "list_warehouse"
[0m21:34:19.036499 [debug] [ThreadPool]: On list_warehouse: /* {"app": "dbt", "dbt_version": "1.9.2", "profile_name": "de_project", "target_name": "dev", "connection_name": "list_warehouse"} */

    select distinct nspname from pg_namespace
  
[0m21:34:19.037405 [debug] [ThreadPool]: Opening a new connection, currently in state init
[0m21:34:19.122417 [debug] [ThreadPool]: SQL status: SELECT 4 in 0.085 seconds
[0m21:34:19.123415 [debug] [ThreadPool]: On list_warehouse: Close
[0m21:34:19.130049 [debug] [ThreadPool]: Acquiring new postgres connection 'list_warehouse_public'
[0m21:34:19.138412 [debug] [ThreadPool]: Using postgres connection "list_warehouse_public"
[0m21:34:19.139458 [debug] [ThreadPool]: On list_warehouse_public: BEGIN
[0m21:34:19.139458 [debug] [ThreadPool]: Opening a new connection, currently in state init
[0m21:34:19.205218 [debug] [ThreadPool]: SQL status: BEGIN in 0.066 seconds
[0m21:34:19.205218 [debug] [ThreadPool]: Using postgres connection "list_warehouse_public"
[0m21:34:19.206229 [debug] [ThreadPool]: On list_warehouse_public: /* {"app": "dbt", "dbt_version": "1.9.2", "profile_name": "de_project", "target_name": "dev", "connection_name": "list_warehouse_public"} */
select
      'warehouse' as database,
      tablename as name,
      schemaname as schema,
      'table' as type
    from pg_tables
    where schemaname ilike 'public'
    union all
    select
      'warehouse' as database,
      viewname as name,
      schemaname as schema,
      'view' as type
    from pg_views
    where schemaname ilike 'public'
    union all
    select
      'warehouse' as database,
      matviewname as name,
      schemaname as schema,
      'materialized_view' as type
    from pg_matviews
    where schemaname ilike 'public'
  
[0m21:34:19.213373 [debug] [ThreadPool]: SQL status: SELECT 4 in 0.007 seconds
[0m21:34:19.215557 [debug] [ThreadPool]: On list_warehouse_public: ROLLBACK
[0m21:34:19.217152 [debug] [ThreadPool]: On list_warehouse_public: Close
[0m21:34:19.226193 [debug] [MainThread]: Using postgres connection "master"
[0m21:34:19.226193 [debug] [MainThread]: On master: BEGIN
[0m21:34:19.227201 [debug] [MainThread]: Opening a new connection, currently in state init
[0m21:34:19.293008 [debug] [MainThread]: SQL status: BEGIN in 0.066 seconds
[0m21:34:19.293008 [debug] [MainThread]: Using postgres connection "master"
[0m21:34:19.294513 [debug] [MainThread]: On master: /* {"app": "dbt", "dbt_version": "1.9.2", "profile_name": "de_project", "target_name": "dev", "connection_name": "master"} */
with relation as (
        select
            pg_rewrite.ev_class as class,
            pg_rewrite.oid as id
        from pg_rewrite
    ),
    class as (
        select
            oid as id,
            relname as name,
            relnamespace as schema,
            relkind as kind
        from pg_class
    ),
    dependency as (
        select distinct
            pg_depend.objid as id,
            pg_depend.refobjid as ref
        from pg_depend
    ),
    schema as (
        select
            pg_namespace.oid as id,
            pg_namespace.nspname as name
        from pg_namespace
        where nspname != 'information_schema' and nspname not like 'pg\_%'
    ),
    referenced as (
        select
            relation.id AS id,
            referenced_class.name ,
            referenced_class.schema ,
            referenced_class.kind
        from relation
        join class as referenced_class on relation.class=referenced_class.id
        where referenced_class.kind in ('r', 'v', 'm')
    ),
    relationships as (
        select
            referenced.name as referenced_name,
            referenced.schema as referenced_schema_id,
            dependent_class.name as dependent_name,
            dependent_class.schema as dependent_schema_id,
            referenced.kind as kind
        from referenced
        join dependency on referenced.id=dependency.id
        join class as dependent_class on dependency.ref=dependent_class.id
        where
            (referenced.name != dependent_class.name or
             referenced.schema != dependent_class.schema)
    )

    select
        referenced_schema.name as referenced_schema,
        relationships.referenced_name as referenced_name,
        dependent_schema.name as dependent_schema,
        relationships.dependent_name as dependent_name
    from relationships
    join schema as dependent_schema on relationships.dependent_schema_id=dependent_schema.id
    join schema as referenced_schema on relationships.referenced_schema_id=referenced_schema.id
    group by referenced_schema, referenced_name, dependent_schema, dependent_name
    order by referenced_schema, referenced_name, dependent_schema, dependent_name;
[0m21:34:19.304687 [debug] [MainThread]: SQL status: SELECT 2 in 0.009 seconds
[0m21:34:19.307210 [debug] [MainThread]: Sending event: {'category': 'dbt', 'action': 'runnable_timing', 'label': '508190cc-fc7e-4a04-a546-cbc8b9ef5804', 'context': [<snowplow_tracker.self_describing_json.SelfDescribingJson object at 0x000002951BBCCB30>]}
[0m21:34:19.307210 [debug] [MainThread]: On master: ROLLBACK
[0m21:34:19.309208 [debug] [MainThread]: Using postgres connection "master"
[0m21:34:19.309208 [debug] [MainThread]: On master: BEGIN
[0m21:34:19.311210 [debug] [MainThread]: SQL status: BEGIN in 0.001 seconds
[0m21:34:19.311210 [debug] [MainThread]: On master: COMMIT
[0m21:34:19.311210 [debug] [MainThread]: Using postgres connection "master"
[0m21:34:19.312217 [debug] [MainThread]: On master: COMMIT
[0m21:34:19.313211 [debug] [MainThread]: SQL status: COMMIT in 0.001 seconds
[0m21:34:19.313211 [debug] [MainThread]: On master: Close
[0m21:34:19.316352 [debug] [Thread-1 (]: Began running node model.de_project.report
[0m21:34:19.316352 [info ] [Thread-1 (]: 1 of 1 START sql view model public.report ...................................... [RUN]
[0m21:34:19.316352 [debug] [Thread-1 (]: Acquiring new postgres connection 'model.de_project.report'
[0m21:34:19.316352 [debug] [Thread-1 (]: Began compiling node model.de_project.report
[0m21:34:19.327009 [debug] [Thread-1 (]: Writing injected SQL for node "model.de_project.report"
[0m21:34:19.327009 [debug] [Thread-1 (]: Began executing node model.de_project.report
[0m21:34:19.376078 [debug] [Thread-1 (]: Writing runtime sql for node "model.de_project.report"
[0m21:34:19.378074 [debug] [Thread-1 (]: Using postgres connection "model.de_project.report"
[0m21:34:19.378074 [debug] [Thread-1 (]: On model.de_project.report: BEGIN
[0m21:34:19.378074 [debug] [Thread-1 (]: Opening a new connection, currently in state init
[0m21:34:19.441521 [debug] [Thread-1 (]: SQL status: BEGIN in 0.063 seconds
[0m21:34:19.442524 [debug] [Thread-1 (]: Using postgres connection "model.de_project.report"
[0m21:34:19.442524 [debug] [Thread-1 (]: On model.de_project.report: /* {"app": "dbt", "dbt_version": "1.9.2", "profile_name": "de_project", "target_name": "dev", "node_id": "model.de_project.report"} */

  create view "warehouse"."public"."report__dbt_tmp"
    
    
  as (
    SELECT COUNT(unique_id), type
FROM public.financial_transactions
GROUP BY type
  );
[0m21:34:19.450732 [debug] [Thread-1 (]: SQL status: CREATE VIEW in 0.007 seconds
[0m21:34:19.458777 [debug] [Thread-1 (]: Using postgres connection "model.de_project.report"
[0m21:34:19.459759 [debug] [Thread-1 (]: On model.de_project.report: /* {"app": "dbt", "dbt_version": "1.9.2", "profile_name": "de_project", "target_name": "dev", "node_id": "model.de_project.report"} */
alter table "warehouse"."public"."report" rename to "report__dbt_backup"
[0m21:34:19.461759 [debug] [Thread-1 (]: SQL status: ALTER TABLE in 0.001 seconds
[0m21:34:19.465449 [debug] [Thread-1 (]: Using postgres connection "model.de_project.report"
[0m21:34:19.465449 [debug] [Thread-1 (]: On model.de_project.report: /* {"app": "dbt", "dbt_version": "1.9.2", "profile_name": "de_project", "target_name": "dev", "node_id": "model.de_project.report"} */
alter table "warehouse"."public"."report__dbt_tmp" rename to "report"
[0m21:34:19.467557 [debug] [Thread-1 (]: SQL status: ALTER TABLE in 0.001 seconds
[0m21:34:19.489035 [debug] [Thread-1 (]: On model.de_project.report: COMMIT
[0m21:34:19.489035 [debug] [Thread-1 (]: Using postgres connection "model.de_project.report"
[0m21:34:19.490018 [debug] [Thread-1 (]: On model.de_project.report: COMMIT
[0m21:34:19.493117 [debug] [Thread-1 (]: SQL status: COMMIT in 0.002 seconds
[0m21:34:19.500141 [debug] [Thread-1 (]: Applying DROP to: "warehouse"."public"."report__dbt_backup"
[0m21:34:19.506847 [debug] [Thread-1 (]: Using postgres connection "model.de_project.report"
[0m21:34:19.506847 [debug] [Thread-1 (]: On model.de_project.report: /* {"app": "dbt", "dbt_version": "1.9.2", "profile_name": "de_project", "target_name": "dev", "node_id": "model.de_project.report"} */
drop view if exists "warehouse"."public"."report__dbt_backup" cascade
[0m21:34:19.515339 [debug] [Thread-1 (]: SQL status: DROP VIEW in 0.007 seconds
[0m21:34:19.515339 [debug] [Thread-1 (]: On model.de_project.report: Close
[0m21:34:19.520763 [debug] [Thread-1 (]: Sending event: {'category': 'dbt', 'action': 'run_model', 'label': '508190cc-fc7e-4a04-a546-cbc8b9ef5804', 'context': [<snowplow_tracker.self_describing_json.SelfDescribingJson object at 0x00000295187FA180>]}
[0m21:34:19.523068 [info ] [Thread-1 (]: 1 of 1 OK created sql view model public.report ................................. [[32mCREATE VIEW[0m in 0.20s]
[0m21:34:19.524573 [debug] [Thread-1 (]: Finished running node model.de_project.report
[0m21:34:19.526094 [debug] [MainThread]: Using postgres connection "master"
[0m21:34:19.526094 [debug] [MainThread]: On master: BEGIN
[0m21:34:19.527110 [debug] [MainThread]: Opening a new connection, currently in state closed
[0m21:34:19.587330 [debug] [MainThread]: SQL status: BEGIN in 0.061 seconds
[0m21:34:19.588333 [debug] [MainThread]: On master: COMMIT
[0m21:34:19.589330 [debug] [MainThread]: Using postgres connection "master"
[0m21:34:19.589330 [debug] [MainThread]: On master: COMMIT
[0m21:34:19.590329 [debug] [MainThread]: SQL status: COMMIT in 0.001 seconds
[0m21:34:19.591330 [debug] [MainThread]: On master: Close
[0m21:34:19.592336 [debug] [MainThread]: Connection 'master' was properly closed.
[0m21:34:19.592336 [debug] [MainThread]: Connection 'list_warehouse' was properly closed.
[0m21:34:19.593333 [debug] [MainThread]: Connection 'list_warehouse_public' was properly closed.
[0m21:34:19.593333 [debug] [MainThread]: Connection 'model.de_project.report' was properly closed.
[0m21:34:19.593333 [info ] [MainThread]: 
[0m21:34:19.595348 [info ] [MainThread]: Finished running 1 view model in 0 hours 0 minutes and 0.62 seconds (0.62s).
[0m21:34:19.596357 [debug] [MainThread]: Command end result
[0m21:34:19.625339 [debug] [MainThread]: Wrote artifact WritableManifest to D:\DE\DataTalks\project\de_project\target\manifest.json
[0m21:34:19.627384 [debug] [MainThread]: Wrote artifact SemanticManifest to D:\DE\DataTalks\project\de_project\target\semantic_manifest.json
[0m21:34:19.636975 [debug] [MainThread]: Wrote artifact RunExecutionResult to D:\DE\DataTalks\project\de_project\target\run_results.json
[0m21:34:19.637984 [info ] [MainThread]: 
[0m21:34:19.638983 [info ] [MainThread]: [32mCompleted successfully[0m
[0m21:34:19.638983 [info ] [MainThread]: 
[0m21:34:19.639982 [info ] [MainThread]: Done. PASS=1 WARN=0 ERROR=0 SKIP=0 TOTAL=1
[0m21:34:19.640983 [debug] [MainThread]: Command `dbt run` succeeded at 21:34:19.640983 after 1.76 seconds
[0m21:34:19.640983 [debug] [MainThread]: Sending event: {'category': 'dbt', 'action': 'invocation', 'label': 'end', 'context': [<snowplow_tracker.self_describing_json.SelfDescribingJson object at 0x000002951B0C0560>, <snowplow_tracker.self_describing_json.SelfDescribingJson object at 0x000002951AB4D1C0>, <snowplow_tracker.self_describing_json.SelfDescribingJson object at 0x000002951A8DB440>]}
[0m21:34:19.641982 [debug] [MainThread]: Flushing usage events
[0m21:34:20.820813 [debug] [MainThread]: An error was encountered while trying to flush usage events
[0m22:02:42.636073 [debug] [MainThread]: Sending event: {'category': 'dbt', 'action': 'invocation', 'label': 'start', 'context': [<snowplow_tracker.self_describing_json.SelfDescribingJson object at 0x00000215A759EB10>, <snowplow_tracker.self_describing_json.SelfDescribingJson object at 0x00000215A759E1E0>, <snowplow_tracker.self_describing_json.SelfDescribingJson object at 0x00000215A759D610>]}


============================== 22:02:42.641086 | 780d086c-5b6a-4608-b0af-16ee7ef0a4cb ==============================
[0m22:02:42.641086 [info ] [MainThread]: Running with dbt=1.9.2
[0m22:02:42.642087 [debug] [MainThread]: running dbt with arguments {'printer_width': '80', 'indirect_selection': 'eager', 'write_json': 'True', 'log_cache_events': 'False', 'partial_parse': 'True', 'cache_selected_only': 'False', 'profiles_dir': 'C:\\Users\\MinhThanh\\.dbt', 'debug': 'False', 'fail_fast': 'False', 'log_path': 'D:\\DE\\DataTalks\\project\\de_project\\logs', 'warn_error': 'None', 'version_check': 'True', 'use_colors': 'True', 'use_experimental_parser': 'False', 'no_print': 'None', 'quiet': 'False', 'empty': 'False', 'warn_error_options': 'WarnErrorOptions(include=[], exclude=[])', 'static_parser': 'True', 'log_format': 'default', 'introspect': 'True', 'target_path': 'None', 'invocation_command': 'dbt run --select report', 'send_anonymous_usage_stats': 'True'}
[0m22:02:42.867422 [debug] [MainThread]: Sending event: {'category': 'dbt', 'action': 'project_id', 'label': '780d086c-5b6a-4608-b0af-16ee7ef0a4cb', 'context': [<snowplow_tracker.self_describing_json.SelfDescribingJson object at 0x00000215A76DA360>]}
[0m22:02:42.927155 [debug] [MainThread]: Sending event: {'category': 'dbt', 'action': 'adapter_info', 'label': '780d086c-5b6a-4608-b0af-16ee7ef0a4cb', 'context': [<snowplow_tracker.self_describing_json.SelfDescribingJson object at 0x00000215A6A01250>]}
[0m22:02:42.928692 [info ] [MainThread]: Registered adapter: postgres=1.9.0
[0m22:02:43.141258 [debug] [MainThread]: checksum: 12b12750b70de726cfd89136b8e24afc3f3e77597a97bff40ab7e5f9b39d5e18, vars: {}, profile: , target: , version: 1.9.2
[0m22:02:43.297118 [debug] [MainThread]: Partial parsing enabled: 0 files deleted, 0 files added, 1 files changed.
[0m22:02:43.297118 [debug] [MainThread]: Partial parsing: updated file: de_project://models\staging\report.sql
[0m22:02:43.659143 [debug] [MainThread]: Sending event: {'category': 'dbt', 'action': 'load_project', 'label': '780d086c-5b6a-4608-b0af-16ee7ef0a4cb', 'context': [<snowplow_tracker.self_describing_json.SelfDescribingJson object at 0x00000215A901E1B0>]}
[0m22:02:43.754135 [debug] [MainThread]: Wrote artifact WritableManifest to D:\DE\DataTalks\project\de_project\target\manifest.json
[0m22:02:43.758870 [debug] [MainThread]: Wrote artifact SemanticManifest to D:\DE\DataTalks\project\de_project\target\semantic_manifest.json
[0m22:02:43.788121 [debug] [MainThread]: Sending event: {'category': 'dbt', 'action': 'resource_counts', 'label': '780d086c-5b6a-4608-b0af-16ee7ef0a4cb', 'context': [<snowplow_tracker.self_describing_json.SelfDescribingJson object at 0x00000215A9003D10>]}
[0m22:02:43.788121 [info ] [MainThread]: Found 3 models, 4 data tests, 433 macros
[0m22:02:43.789236 [debug] [MainThread]: Sending event: {'category': 'dbt', 'action': 'runnable_timing', 'label': '780d086c-5b6a-4608-b0af-16ee7ef0a4cb', 'context': [<snowplow_tracker.self_describing_json.SelfDescribingJson object at 0x00000215A8FE6060>]}
[0m22:02:43.790235 [info ] [MainThread]: 
[0m22:02:43.791353 [info ] [MainThread]: Concurrency: 4 threads (target='dev')
[0m22:02:43.792357 [info ] [MainThread]: 
[0m22:02:43.793376 [debug] [MainThread]: Acquiring new postgres connection 'master'
[0m22:02:43.795354 [debug] [ThreadPool]: Acquiring new postgres connection 'list_warehouse'
[0m22:02:43.879839 [debug] [ThreadPool]: Using postgres connection "list_warehouse"
[0m22:02:43.880839 [debug] [ThreadPool]: On list_warehouse: /* {"app": "dbt", "dbt_version": "1.9.2", "profile_name": "de_project", "target_name": "dev", "connection_name": "list_warehouse"} */

    select distinct nspname from pg_namespace
  
[0m22:02:43.881841 [debug] [ThreadPool]: Opening a new connection, currently in state init
[0m22:02:43.952981 [debug] [ThreadPool]: SQL status: SELECT 4 in 0.071 seconds
[0m22:02:43.953979 [debug] [ThreadPool]: On list_warehouse: Close
[0m22:02:43.962397 [debug] [ThreadPool]: Acquiring new postgres connection 'list_warehouse_public'
[0m22:02:43.972887 [debug] [ThreadPool]: Using postgres connection "list_warehouse_public"
[0m22:02:43.972887 [debug] [ThreadPool]: On list_warehouse_public: BEGIN
[0m22:02:43.973897 [debug] [ThreadPool]: Opening a new connection, currently in state init
[0m22:02:44.038108 [debug] [ThreadPool]: SQL status: BEGIN in 0.064 seconds
[0m22:02:44.038108 [debug] [ThreadPool]: Using postgres connection "list_warehouse_public"
[0m22:02:44.039118 [debug] [ThreadPool]: On list_warehouse_public: /* {"app": "dbt", "dbt_version": "1.9.2", "profile_name": "de_project", "target_name": "dev", "connection_name": "list_warehouse_public"} */
select
      'warehouse' as database,
      tablename as name,
      schemaname as schema,
      'table' as type
    from pg_tables
    where schemaname ilike 'public'
    union all
    select
      'warehouse' as database,
      viewname as name,
      schemaname as schema,
      'view' as type
    from pg_views
    where schemaname ilike 'public'
    union all
    select
      'warehouse' as database,
      matviewname as name,
      schemaname as schema,
      'materialized_view' as type
    from pg_matviews
    where schemaname ilike 'public'
  
[0m22:02:44.045270 [debug] [ThreadPool]: SQL status: SELECT 4 in 0.006 seconds
[0m22:02:44.047362 [debug] [ThreadPool]: On list_warehouse_public: ROLLBACK
[0m22:02:44.049949 [debug] [ThreadPool]: On list_warehouse_public: Close
[0m22:02:44.058204 [debug] [MainThread]: Using postgres connection "master"
[0m22:02:44.058204 [debug] [MainThread]: On master: BEGIN
[0m22:02:44.059212 [debug] [MainThread]: Opening a new connection, currently in state init
[0m22:02:44.131411 [debug] [MainThread]: SQL status: BEGIN in 0.072 seconds
[0m22:02:44.131936 [debug] [MainThread]: Using postgres connection "master"
[0m22:02:44.132490 [debug] [MainThread]: On master: /* {"app": "dbt", "dbt_version": "1.9.2", "profile_name": "de_project", "target_name": "dev", "connection_name": "master"} */
with relation as (
        select
            pg_rewrite.ev_class as class,
            pg_rewrite.oid as id
        from pg_rewrite
    ),
    class as (
        select
            oid as id,
            relname as name,
            relnamespace as schema,
            relkind as kind
        from pg_class
    ),
    dependency as (
        select distinct
            pg_depend.objid as id,
            pg_depend.refobjid as ref
        from pg_depend
    ),
    schema as (
        select
            pg_namespace.oid as id,
            pg_namespace.nspname as name
        from pg_namespace
        where nspname != 'information_schema' and nspname not like 'pg\_%'
    ),
    referenced as (
        select
            relation.id AS id,
            referenced_class.name ,
            referenced_class.schema ,
            referenced_class.kind
        from relation
        join class as referenced_class on relation.class=referenced_class.id
        where referenced_class.kind in ('r', 'v', 'm')
    ),
    relationships as (
        select
            referenced.name as referenced_name,
            referenced.schema as referenced_schema_id,
            dependent_class.name as dependent_name,
            dependent_class.schema as dependent_schema_id,
            referenced.kind as kind
        from referenced
        join dependency on referenced.id=dependency.id
        join class as dependent_class on dependency.ref=dependent_class.id
        where
            (referenced.name != dependent_class.name or
             referenced.schema != dependent_class.schema)
    )

    select
        referenced_schema.name as referenced_schema,
        relationships.referenced_name as referenced_name,
        dependent_schema.name as dependent_schema,
        relationships.dependent_name as dependent_name
    from relationships
    join schema as dependent_schema on relationships.dependent_schema_id=dependent_schema.id
    join schema as referenced_schema on relationships.referenced_schema_id=referenced_schema.id
    group by referenced_schema, referenced_name, dependent_schema, dependent_name
    order by referenced_schema, referenced_name, dependent_schema, dependent_name;
[0m22:02:44.143094 [debug] [MainThread]: SQL status: SELECT 2 in 0.010 seconds
[0m22:02:44.144618 [debug] [MainThread]: Sending event: {'category': 'dbt', 'action': 'runnable_timing', 'label': '780d086c-5b6a-4608-b0af-16ee7ef0a4cb', 'context': [<snowplow_tracker.self_describing_json.SelfDescribingJson object at 0x00000215A8E9AB70>]}
[0m22:02:44.145627 [debug] [MainThread]: On master: ROLLBACK
[0m22:02:44.146133 [debug] [MainThread]: Using postgres connection "master"
[0m22:02:44.147655 [debug] [MainThread]: On master: BEGIN
[0m22:02:44.149420 [debug] [MainThread]: SQL status: BEGIN in 0.002 seconds
[0m22:02:44.150629 [debug] [MainThread]: On master: COMMIT
[0m22:02:44.151235 [debug] [MainThread]: Using postgres connection "master"
[0m22:02:44.151756 [debug] [MainThread]: On master: COMMIT
[0m22:02:44.153462 [debug] [MainThread]: SQL status: COMMIT in 0.001 seconds
[0m22:02:44.153992 [debug] [MainThread]: On master: Close
[0m22:02:44.159506 [debug] [Thread-1 (]: Began running node model.de_project.report
[0m22:02:44.161091 [info ] [Thread-1 (]: 1 of 1 START sql view model public.report ...................................... [RUN]
[0m22:02:44.162686 [debug] [Thread-1 (]: Acquiring new postgres connection 'model.de_project.report'
[0m22:02:44.163205 [debug] [Thread-1 (]: Began compiling node model.de_project.report
[0m22:02:44.179501 [debug] [Thread-1 (]: Writing injected SQL for node "model.de_project.report"
[0m22:02:44.188099 [debug] [Thread-1 (]: Began executing node model.de_project.report
[0m22:02:44.261868 [debug] [Thread-1 (]: Writing runtime sql for node "model.de_project.report"
[0m22:02:44.263617 [debug] [Thread-1 (]: Using postgres connection "model.de_project.report"
[0m22:02:44.263617 [debug] [Thread-1 (]: On model.de_project.report: BEGIN
[0m22:02:44.264625 [debug] [Thread-1 (]: Opening a new connection, currently in state init
[0m22:02:44.360103 [debug] [Thread-1 (]: SQL status: BEGIN in 0.095 seconds
[0m22:02:44.360637 [debug] [Thread-1 (]: Using postgres connection "model.de_project.report"
[0m22:02:44.361163 [debug] [Thread-1 (]: On model.de_project.report: /* {"app": "dbt", "dbt_version": "1.9.2", "profile_name": "de_project", "target_name": "dev", "node_id": "model.de_project.report"} */

  create view "warehouse"."public"."report__dbt_tmp"
    
    
  as (
    SELECT COUNT(amount), type
FROM public.financial_transactions
GROUP BY type
  );
[0m22:02:44.376229 [debug] [Thread-1 (]: SQL status: CREATE VIEW in 0.014 seconds
[0m22:02:44.389286 [debug] [Thread-1 (]: Using postgres connection "model.de_project.report"
[0m22:02:44.390441 [debug] [Thread-1 (]: On model.de_project.report: /* {"app": "dbt", "dbt_version": "1.9.2", "profile_name": "de_project", "target_name": "dev", "node_id": "model.de_project.report"} */
alter table "warehouse"."public"."report" rename to "report__dbt_backup"
[0m22:02:44.392580 [debug] [Thread-1 (]: SQL status: ALTER TABLE in 0.002 seconds
[0m22:02:44.403171 [debug] [Thread-1 (]: Using postgres connection "model.de_project.report"
[0m22:02:44.404175 [debug] [Thread-1 (]: On model.de_project.report: /* {"app": "dbt", "dbt_version": "1.9.2", "profile_name": "de_project", "target_name": "dev", "node_id": "model.de_project.report"} */
alter table "warehouse"."public"."report__dbt_tmp" rename to "report"
[0m22:02:44.406196 [debug] [Thread-1 (]: SQL status: ALTER TABLE in 0.001 seconds
[0m22:02:44.448618 [debug] [Thread-1 (]: On model.de_project.report: COMMIT
[0m22:02:44.449626 [debug] [Thread-1 (]: Using postgres connection "model.de_project.report"
[0m22:02:44.449626 [debug] [Thread-1 (]: On model.de_project.report: COMMIT
[0m22:02:44.452627 [debug] [Thread-1 (]: SQL status: COMMIT in 0.003 seconds
[0m22:02:44.466127 [debug] [Thread-1 (]: Applying DROP to: "warehouse"."public"."report__dbt_backup"
[0m22:02:44.474523 [debug] [Thread-1 (]: Using postgres connection "model.de_project.report"
[0m22:02:44.475582 [debug] [Thread-1 (]: On model.de_project.report: /* {"app": "dbt", "dbt_version": "1.9.2", "profile_name": "de_project", "target_name": "dev", "node_id": "model.de_project.report"} */
drop view if exists "warehouse"."public"."report__dbt_backup" cascade
[0m22:02:44.482550 [debug] [Thread-1 (]: SQL status: DROP VIEW in 0.006 seconds
[0m22:02:44.487086 [debug] [Thread-1 (]: On model.de_project.report: Close
[0m22:02:44.490621 [debug] [Thread-1 (]: Sending event: {'category': 'dbt', 'action': 'run_model', 'label': '780d086c-5b6a-4608-b0af-16ee7ef0a4cb', 'context': [<snowplow_tracker.self_describing_json.SelfDescribingJson object at 0x00000215A498A210>]}
[0m22:02:44.491146 [info ] [Thread-1 (]: 1 of 1 OK created sql view model public.report ................................. [[32mCREATE VIEW[0m in 0.33s]
[0m22:02:44.492498 [debug] [Thread-1 (]: Finished running node model.de_project.report
[0m22:02:44.494692 [debug] [MainThread]: Using postgres connection "master"
[0m22:02:44.495207 [debug] [MainThread]: On master: BEGIN
[0m22:02:44.495749 [debug] [MainThread]: Opening a new connection, currently in state closed
[0m22:02:44.569664 [debug] [MainThread]: SQL status: BEGIN in 0.074 seconds
[0m22:02:44.570227 [debug] [MainThread]: On master: COMMIT
[0m22:02:44.570227 [debug] [MainThread]: Using postgres connection "master"
[0m22:02:44.570772 [debug] [MainThread]: On master: COMMIT
[0m22:02:44.571851 [debug] [MainThread]: SQL status: COMMIT in 0.001 seconds
[0m22:02:44.571851 [debug] [MainThread]: On master: Close
[0m22:02:44.572926 [debug] [MainThread]: Connection 'master' was properly closed.
[0m22:02:44.573606 [debug] [MainThread]: Connection 'list_warehouse' was properly closed.
[0m22:02:44.573606 [debug] [MainThread]: Connection 'list_warehouse_public' was properly closed.
[0m22:02:44.574160 [debug] [MainThread]: Connection 'model.de_project.report' was properly closed.
[0m22:02:44.574705 [info ] [MainThread]: 
[0m22:02:44.575222 [info ] [MainThread]: Finished running 1 view model in 0 hours 0 minutes and 0.78 seconds (0.78s).
[0m22:02:44.576268 [debug] [MainThread]: Command end result
[0m22:02:44.608348 [debug] [MainThread]: Wrote artifact WritableManifest to D:\DE\DataTalks\project\de_project\target\manifest.json
[0m22:02:44.611679 [debug] [MainThread]: Wrote artifact SemanticManifest to D:\DE\DataTalks\project\de_project\target\semantic_manifest.json
[0m22:02:44.621997 [debug] [MainThread]: Wrote artifact RunExecutionResult to D:\DE\DataTalks\project\de_project\target\run_results.json
[0m22:02:44.622998 [info ] [MainThread]: 
[0m22:02:44.624001 [info ] [MainThread]: [32mCompleted successfully[0m
[0m22:02:44.624612 [info ] [MainThread]: 
[0m22:02:44.625621 [info ] [MainThread]: Done. PASS=1 WARN=0 ERROR=0 SKIP=0 TOTAL=1
[0m22:02:44.626128 [debug] [MainThread]: Command `dbt run` succeeded at 22:02:44.626128 after 2.16 seconds
[0m22:02:44.627730 [debug] [MainThread]: Sending event: {'category': 'dbt', 'action': 'invocation', 'label': 'end', 'context': [<snowplow_tracker.self_describing_json.SelfDescribingJson object at 0x00000215A6FA99A0>, <snowplow_tracker.self_describing_json.SelfDescribingJson object at 0x00000215A6FAB9E0>, <snowplow_tracker.self_describing_json.SelfDescribingJson object at 0x00000215A71096A0>]}
[0m22:02:44.628737 [debug] [MainThread]: Flushing usage events
[0m22:02:45.847934 [debug] [MainThread]: An error was encountered while trying to flush usage events
[0m22:06:02.386116 [debug] [MainThread]: Sending event: {'category': 'dbt', 'action': 'invocation', 'label': 'start', 'context': [<snowplow_tracker.self_describing_json.SelfDescribingJson object at 0x000001B31E40EBD0>, <snowplow_tracker.self_describing_json.SelfDescribingJson object at 0x000001B31D81E450>, <snowplow_tracker.self_describing_json.SelfDescribingJson object at 0x000001B31D81FAD0>]}


============================== 22:06:02.390809 | edef5977-e21c-4327-bd9b-ee023ddc302d ==============================
[0m22:06:02.390809 [info ] [MainThread]: Running with dbt=1.9.2
[0m22:06:02.391810 [debug] [MainThread]: running dbt with arguments {'printer_width': '80', 'indirect_selection': 'eager', 'write_json': 'True', 'log_cache_events': 'False', 'partial_parse': 'True', 'cache_selected_only': 'False', 'profiles_dir': 'C:\\Users\\MinhThanh\\.dbt', 'version_check': 'True', 'warn_error': 'None', 'log_path': 'D:\\DE\\DataTalks\\project\\de_project\\logs', 'debug': 'False', 'fail_fast': 'False', 'use_colors': 'True', 'use_experimental_parser': 'False', 'empty': 'False', 'quiet': 'False', 'no_print': 'None', 'warn_error_options': 'WarnErrorOptions(include=[], exclude=[])', 'invocation_command': 'dbt run --select report', 'log_format': 'default', 'introspect': 'True', 'target_path': 'None', 'static_parser': 'True', 'send_anonymous_usage_stats': 'True'}
[0m22:06:02.618534 [debug] [MainThread]: Sending event: {'category': 'dbt', 'action': 'project_id', 'label': 'edef5977-e21c-4327-bd9b-ee023ddc302d', 'context': [<snowplow_tracker.self_describing_json.SelfDescribingJson object at 0x000001B3206B41D0>]}
[0m22:06:02.687248 [debug] [MainThread]: Sending event: {'category': 'dbt', 'action': 'adapter_info', 'label': 'edef5977-e21c-4327-bd9b-ee023ddc302d', 'context': [<snowplow_tracker.self_describing_json.SelfDescribingJson object at 0x000001B320335FA0>]}
[0m22:06:02.687859 [info ] [MainThread]: Registered adapter: postgres=1.9.0
[0m22:06:02.890416 [debug] [MainThread]: checksum: 12b12750b70de726cfd89136b8e24afc3f3e77597a97bff40ab7e5f9b39d5e18, vars: {}, profile: , target: , version: 1.9.2
[0m22:06:03.041129 [debug] [MainThread]: Partial parsing enabled: 0 files deleted, 1 files added, 1 files changed.
[0m22:06:03.042128 [debug] [MainThread]: Partial parsing: added file: de_project://models\staging\report2.sql
[0m22:06:03.043128 [debug] [MainThread]: Partial parsing: updated file: de_project://models\staging\report.sql
[0m22:06:03.381131 [debug] [MainThread]: Sending event: {'category': 'dbt', 'action': 'load_project', 'label': 'edef5977-e21c-4327-bd9b-ee023ddc302d', 'context': [<snowplow_tracker.self_describing_json.SelfDescribingJson object at 0x000001B320C0BDD0>]}
[0m22:06:03.465512 [debug] [MainThread]: Wrote artifact WritableManifest to D:\DE\DataTalks\project\de_project\target\manifest.json
[0m22:06:03.468667 [debug] [MainThread]: Wrote artifact SemanticManifest to D:\DE\DataTalks\project\de_project\target\semantic_manifest.json
[0m22:06:03.489474 [debug] [MainThread]: Sending event: {'category': 'dbt', 'action': 'resource_counts', 'label': 'edef5977-e21c-4327-bd9b-ee023ddc302d', 'context': [<snowplow_tracker.self_describing_json.SelfDescribingJson object at 0x000001B3220AC440>]}
[0m22:06:03.489474 [info ] [MainThread]: Found 4 models, 4 data tests, 433 macros
[0m22:06:03.490545 [debug] [MainThread]: Sending event: {'category': 'dbt', 'action': 'runnable_timing', 'label': 'edef5977-e21c-4327-bd9b-ee023ddc302d', 'context': [<snowplow_tracker.self_describing_json.SelfDescribingJson object at 0x000001B3220C4470>]}
[0m22:06:03.492542 [info ] [MainThread]: 
[0m22:06:03.493539 [info ] [MainThread]: Concurrency: 4 threads (target='dev')
[0m22:06:03.494541 [info ] [MainThread]: 
[0m22:06:03.495576 [debug] [MainThread]: Acquiring new postgres connection 'master'
[0m22:06:03.497746 [debug] [ThreadPool]: Acquiring new postgres connection 'list_warehouse'
[0m22:06:03.567222 [debug] [ThreadPool]: Using postgres connection "list_warehouse"
[0m22:06:03.567871 [debug] [ThreadPool]: On list_warehouse: /* {"app": "dbt", "dbt_version": "1.9.2", "profile_name": "de_project", "target_name": "dev", "connection_name": "list_warehouse"} */

    select distinct nspname from pg_namespace
  
[0m22:06:03.567871 [debug] [ThreadPool]: Opening a new connection, currently in state init
[0m22:06:03.644477 [debug] [ThreadPool]: SQL status: SELECT 4 in 0.076 seconds
[0m22:06:03.646044 [debug] [ThreadPool]: On list_warehouse: Close
[0m22:06:03.651002 [debug] [ThreadPool]: Acquiring new postgres connection 'list_warehouse_public'
[0m22:06:03.660654 [debug] [ThreadPool]: Using postgres connection "list_warehouse_public"
[0m22:06:03.660654 [debug] [ThreadPool]: On list_warehouse_public: BEGIN
[0m22:06:03.661659 [debug] [ThreadPool]: Opening a new connection, currently in state init
[0m22:06:03.722687 [debug] [ThreadPool]: SQL status: BEGIN in 0.061 seconds
[0m22:06:03.722687 [debug] [ThreadPool]: Using postgres connection "list_warehouse_public"
[0m22:06:03.722687 [debug] [ThreadPool]: On list_warehouse_public: /* {"app": "dbt", "dbt_version": "1.9.2", "profile_name": "de_project", "target_name": "dev", "connection_name": "list_warehouse_public"} */
select
      'warehouse' as database,
      tablename as name,
      schemaname as schema,
      'table' as type
    from pg_tables
    where schemaname ilike 'public'
    union all
    select
      'warehouse' as database,
      viewname as name,
      schemaname as schema,
      'view' as type
    from pg_views
    where schemaname ilike 'public'
    union all
    select
      'warehouse' as database,
      matviewname as name,
      schemaname as schema,
      'materialized_view' as type
    from pg_matviews
    where schemaname ilike 'public'
  
[0m22:06:03.728753 [debug] [ThreadPool]: SQL status: SELECT 4 in 0.005 seconds
[0m22:06:03.729754 [debug] [ThreadPool]: On list_warehouse_public: ROLLBACK
[0m22:06:03.731750 [debug] [ThreadPool]: On list_warehouse_public: Close
[0m22:06:03.738428 [debug] [MainThread]: Using postgres connection "master"
[0m22:06:03.738428 [debug] [MainThread]: On master: BEGIN
[0m22:06:03.738428 [debug] [MainThread]: Opening a new connection, currently in state init
[0m22:06:03.792316 [debug] [MainThread]: SQL status: BEGIN in 0.054 seconds
[0m22:06:03.793338 [debug] [MainThread]: Using postgres connection "master"
[0m22:06:03.793338 [debug] [MainThread]: On master: /* {"app": "dbt", "dbt_version": "1.9.2", "profile_name": "de_project", "target_name": "dev", "connection_name": "master"} */
with relation as (
        select
            pg_rewrite.ev_class as class,
            pg_rewrite.oid as id
        from pg_rewrite
    ),
    class as (
        select
            oid as id,
            relname as name,
            relnamespace as schema,
            relkind as kind
        from pg_class
    ),
    dependency as (
        select distinct
            pg_depend.objid as id,
            pg_depend.refobjid as ref
        from pg_depend
    ),
    schema as (
        select
            pg_namespace.oid as id,
            pg_namespace.nspname as name
        from pg_namespace
        where nspname != 'information_schema' and nspname not like 'pg\_%'
    ),
    referenced as (
        select
            relation.id AS id,
            referenced_class.name ,
            referenced_class.schema ,
            referenced_class.kind
        from relation
        join class as referenced_class on relation.class=referenced_class.id
        where referenced_class.kind in ('r', 'v', 'm')
    ),
    relationships as (
        select
            referenced.name as referenced_name,
            referenced.schema as referenced_schema_id,
            dependent_class.name as dependent_name,
            dependent_class.schema as dependent_schema_id,
            referenced.kind as kind
        from referenced
        join dependency on referenced.id=dependency.id
        join class as dependent_class on dependency.ref=dependent_class.id
        where
            (referenced.name != dependent_class.name or
             referenced.schema != dependent_class.schema)
    )

    select
        referenced_schema.name as referenced_schema,
        relationships.referenced_name as referenced_name,
        dependent_schema.name as dependent_schema,
        relationships.dependent_name as dependent_name
    from relationships
    join schema as dependent_schema on relationships.dependent_schema_id=dependent_schema.id
    join schema as referenced_schema on relationships.referenced_schema_id=referenced_schema.id
    group by referenced_schema, referenced_name, dependent_schema, dependent_name
    order by referenced_schema, referenced_name, dependent_schema, dependent_name;
[0m22:06:03.801516 [debug] [MainThread]: SQL status: SELECT 2 in 0.008 seconds
[0m22:06:03.803515 [debug] [MainThread]: Sending event: {'category': 'dbt', 'action': 'runnable_timing', 'label': 'edef5977-e21c-4327-bd9b-ee023ddc302d', 'context': [<snowplow_tracker.self_describing_json.SelfDescribingJson object at 0x000001B321F869C0>]}
[0m22:06:03.803515 [debug] [MainThread]: On master: ROLLBACK
[0m22:06:03.804516 [debug] [MainThread]: Using postgres connection "master"
[0m22:06:03.805517 [debug] [MainThread]: On master: BEGIN
[0m22:06:03.807271 [debug] [MainThread]: SQL status: BEGIN in 0.001 seconds
[0m22:06:03.807271 [debug] [MainThread]: On master: COMMIT
[0m22:06:03.807271 [debug] [MainThread]: Using postgres connection "master"
[0m22:06:03.808302 [debug] [MainThread]: On master: COMMIT
[0m22:06:03.809276 [debug] [MainThread]: SQL status: COMMIT in 0.001 seconds
[0m22:06:03.809276 [debug] [MainThread]: On master: Close
[0m22:06:03.812277 [debug] [Thread-1 (]: Began running node model.de_project.report
[0m22:06:03.812277 [info ] [Thread-1 (]: 1 of 1 START sql view model public.report ...................................... [RUN]
[0m22:06:03.814423 [debug] [Thread-1 (]: Acquiring new postgres connection 'model.de_project.report'
[0m22:06:03.814423 [debug] [Thread-1 (]: Began compiling node model.de_project.report
[0m22:06:03.820987 [debug] [Thread-1 (]: Writing injected SQL for node "model.de_project.report"
[0m22:06:03.821986 [debug] [Thread-1 (]: Began executing node model.de_project.report
[0m22:06:03.860170 [debug] [Thread-1 (]: Writing runtime sql for node "model.de_project.report"
[0m22:06:03.861268 [debug] [Thread-1 (]: Using postgres connection "model.de_project.report"
[0m22:06:03.861268 [debug] [Thread-1 (]: On model.de_project.report: BEGIN
[0m22:06:03.862257 [debug] [Thread-1 (]: Opening a new connection, currently in state init
[0m22:06:03.915226 [debug] [Thread-1 (]: SQL status: BEGIN in 0.053 seconds
[0m22:06:03.915226 [debug] [Thread-1 (]: Using postgres connection "model.de_project.report"
[0m22:06:03.915226 [debug] [Thread-1 (]: On model.de_project.report: /* {"app": "dbt", "dbt_version": "1.9.2", "profile_name": "de_project", "target_name": "dev", "node_id": "model.de_project.report"} */

  create view "warehouse"."public"."report__dbt_tmp"
    
    
  as (
    SELECT SUM(amount), type
FROM public.financial_transactions
GROUP BY type
  );
[0m22:06:03.920752 [debug] [Thread-1 (]: SQL status: CREATE VIEW in 0.007 seconds
[0m22:06:03.927543 [debug] [Thread-1 (]: Using postgres connection "model.de_project.report"
[0m22:06:03.927543 [debug] [Thread-1 (]: On model.de_project.report: /* {"app": "dbt", "dbt_version": "1.9.2", "profile_name": "de_project", "target_name": "dev", "node_id": "model.de_project.report"} */
alter table "warehouse"."public"."report" rename to "report__dbt_backup"
[0m22:06:03.927543 [debug] [Thread-1 (]: SQL status: ALTER TABLE in 0.001 seconds
[0m22:06:03.927543 [debug] [Thread-1 (]: Using postgres connection "model.de_project.report"
[0m22:06:03.927543 [debug] [Thread-1 (]: On model.de_project.report: /* {"app": "dbt", "dbt_version": "1.9.2", "profile_name": "de_project", "target_name": "dev", "node_id": "model.de_project.report"} */
alter table "warehouse"."public"."report__dbt_tmp" rename to "report"
[0m22:06:03.937195 [debug] [Thread-1 (]: SQL status: ALTER TABLE in 0.002 seconds
[0m22:06:03.953544 [debug] [Thread-1 (]: On model.de_project.report: COMMIT
[0m22:06:03.954546 [debug] [Thread-1 (]: Using postgres connection "model.de_project.report"
[0m22:06:03.954546 [debug] [Thread-1 (]: On model.de_project.report: COMMIT
[0m22:06:03.958926 [debug] [Thread-1 (]: SQL status: COMMIT in 0.004 seconds
[0m22:06:03.964017 [debug] [Thread-1 (]: Applying DROP to: "warehouse"."public"."report__dbt_backup"
[0m22:06:03.970937 [debug] [Thread-1 (]: Using postgres connection "model.de_project.report"
[0m22:06:03.971934 [debug] [Thread-1 (]: On model.de_project.report: /* {"app": "dbt", "dbt_version": "1.9.2", "profile_name": "de_project", "target_name": "dev", "node_id": "model.de_project.report"} */
drop view if exists "warehouse"."public"."report__dbt_backup" cascade
[0m22:06:03.976537 [debug] [Thread-1 (]: SQL status: DROP VIEW in 0.004 seconds
[0m22:06:03.980773 [debug] [Thread-1 (]: On model.de_project.report: Close
[0m22:06:03.983781 [debug] [Thread-1 (]: Sending event: {'category': 'dbt', 'action': 'run_model', 'label': 'edef5977-e21c-4327-bd9b-ee023ddc302d', 'context': [<snowplow_tracker.self_describing_json.SelfDescribingJson object at 0x000001B31DA1A330>]}
[0m22:06:03.985286 [info ] [Thread-1 (]: 1 of 1 OK created sql view model public.report ................................. [[32mCREATE VIEW[0m in 0.17s]
[0m22:06:03.986805 [debug] [Thread-1 (]: Finished running node model.de_project.report
[0m22:06:03.988813 [debug] [MainThread]: Using postgres connection "master"
[0m22:06:03.988813 [debug] [MainThread]: On master: BEGIN
[0m22:06:03.988813 [debug] [MainThread]: Opening a new connection, currently in state closed
[0m22:06:04.072418 [debug] [MainThread]: SQL status: BEGIN in 0.083 seconds
[0m22:06:04.073423 [debug] [MainThread]: On master: COMMIT
[0m22:06:04.073423 [debug] [MainThread]: Using postgres connection "master"
[0m22:06:04.073423 [debug] [MainThread]: On master: COMMIT
[0m22:06:04.074421 [debug] [MainThread]: SQL status: COMMIT in 0.001 seconds
[0m22:06:04.075926 [debug] [MainThread]: On master: Close
[0m22:06:04.077441 [debug] [MainThread]: Connection 'master' was properly closed.
[0m22:06:04.077441 [debug] [MainThread]: Connection 'list_warehouse' was properly closed.
[0m22:06:04.078077 [debug] [MainThread]: Connection 'list_warehouse_public' was properly closed.
[0m22:06:04.079085 [debug] [MainThread]: Connection 'model.de_project.report' was properly closed.
[0m22:06:04.079085 [info ] [MainThread]: 
[0m22:06:04.080086 [info ] [MainThread]: Finished running 1 view model in 0 hours 0 minutes and 0.58 seconds (0.58s).
[0m22:06:04.081085 [debug] [MainThread]: Command end result
[0m22:06:04.104131 [debug] [MainThread]: Wrote artifact WritableManifest to D:\DE\DataTalks\project\de_project\target\manifest.json
[0m22:06:04.107199 [debug] [MainThread]: Wrote artifact SemanticManifest to D:\DE\DataTalks\project\de_project\target\semantic_manifest.json
[0m22:06:04.113570 [debug] [MainThread]: Wrote artifact RunExecutionResult to D:\DE\DataTalks\project\de_project\target\run_results.json
[0m22:06:04.113570 [info ] [MainThread]: 
[0m22:06:04.114572 [info ] [MainThread]: [32mCompleted successfully[0m
[0m22:06:04.115570 [info ] [MainThread]: 
[0m22:06:04.116102 [info ] [MainThread]: Done. PASS=1 WARN=0 ERROR=0 SKIP=0 TOTAL=1
[0m22:06:04.117109 [debug] [MainThread]: Command `dbt run` succeeded at 22:06:04.117109 after 1.89 seconds
[0m22:06:04.117684 [debug] [MainThread]: Sending event: {'category': 'dbt', 'action': 'invocation', 'label': 'end', 'context': [<snowplow_tracker.self_describing_json.SelfDescribingJson object at 0x000001B31DC55880>, <snowplow_tracker.self_describing_json.SelfDescribingJson object at 0x000001B320C4BD40>, <snowplow_tracker.self_describing_json.SelfDescribingJson object at 0x000001B32052ECC0>]}
[0m22:06:04.118691 [debug] [MainThread]: Flushing usage events
[0m22:06:05.398895 [debug] [MainThread]: An error was encountered while trying to flush usage events
[0m22:22:14.869126 [debug] [MainThread]: Sending event: {'category': 'dbt', 'action': 'invocation', 'label': 'start', 'context': [<snowplow_tracker.self_describing_json.SelfDescribingJson object at 0x0000022A88A4EC90>, <snowplow_tracker.self_describing_json.SelfDescribingJson object at 0x0000022A8A464500>, <snowplow_tracker.self_describing_json.SelfDescribingJson object at 0x0000022A89DDFB60>]}


============================== 22:22:14.875253 | e016e1e4-5758-433c-b87b-41c929153464 ==============================
[0m22:22:14.875253 [info ] [MainThread]: Running with dbt=1.9.2
[0m22:22:14.876245 [debug] [MainThread]: running dbt with arguments {'printer_width': '80', 'indirect_selection': 'eager', 'log_cache_events': 'False', 'write_json': 'True', 'partial_parse': 'True', 'cache_selected_only': 'False', 'profiles_dir': 'C:\\Users\\MinhThanh\\.dbt', 'fail_fast': 'False', 'version_check': 'True', 'log_path': 'D:\\DE\\DataTalks\\project\\de_project\\logs', 'debug': 'False', 'warn_error': 'None', 'use_colors': 'True', 'use_experimental_parser': 'False', 'no_print': 'None', 'quiet': 'False', 'empty': 'False', 'log_format': 'default', 'static_parser': 'True', 'introspect': 'True', 'invocation_command': 'dbt run --select report2', 'target_path': 'None', 'warn_error_options': 'WarnErrorOptions(include=[], exclude=[])', 'send_anonymous_usage_stats': 'True'}
[0m22:22:15.045869 [debug] [MainThread]: Sending event: {'category': 'dbt', 'action': 'project_id', 'label': 'e016e1e4-5758-433c-b87b-41c929153464', 'context': [<snowplow_tracker.self_describing_json.SelfDescribingJson object at 0x0000022A8ACF4230>]}
[0m22:22:15.102867 [debug] [MainThread]: Sending event: {'category': 'dbt', 'action': 'adapter_info', 'label': 'e016e1e4-5758-433c-b87b-41c929153464', 'context': [<snowplow_tracker.self_describing_json.SelfDescribingJson object at 0x0000022A8A2D7F80>]}
[0m22:22:15.103863 [info ] [MainThread]: Registered adapter: postgres=1.9.0
[0m22:22:15.343479 [debug] [MainThread]: checksum: 12b12750b70de726cfd89136b8e24afc3f3e77597a97bff40ab7e5f9b39d5e18, vars: {}, profile: , target: , version: 1.9.2
[0m22:22:15.503674 [debug] [MainThread]: Partial parsing enabled: 0 files deleted, 0 files added, 1 files changed.
[0m22:22:15.504673 [debug] [MainThread]: Partial parsing: updated file: de_project://models\staging\report2.sql
[0m22:22:15.841610 [debug] [MainThread]: Sending event: {'category': 'dbt', 'action': 'load_project', 'label': 'e016e1e4-5758-433c-b87b-41c929153464', 'context': [<snowplow_tracker.self_describing_json.SelfDescribingJson object at 0x0000022A8C57DFD0>]}
[0m22:22:15.927155 [debug] [MainThread]: Wrote artifact WritableManifest to D:\DE\DataTalks\project\de_project\target\manifest.json
[0m22:22:15.932191 [debug] [MainThread]: Wrote artifact SemanticManifest to D:\DE\DataTalks\project\de_project\target\semantic_manifest.json
[0m22:22:15.955997 [debug] [MainThread]: Sending event: {'category': 'dbt', 'action': 'resource_counts', 'label': 'e016e1e4-5758-433c-b87b-41c929153464', 'context': [<snowplow_tracker.self_describing_json.SelfDescribingJson object at 0x0000022A8C6A3E00>]}
[0m22:22:15.957014 [info ] [MainThread]: Found 4 models, 4 data tests, 433 macros
[0m22:22:15.957997 [debug] [MainThread]: Sending event: {'category': 'dbt', 'action': 'runnable_timing', 'label': 'e016e1e4-5758-433c-b87b-41c929153464', 'context': [<snowplow_tracker.self_describing_json.SelfDescribingJson object at 0x0000022A8B18CF20>]}
[0m22:22:15.958998 [info ] [MainThread]: 
[0m22:22:15.960000 [info ] [MainThread]: Concurrency: 4 threads (target='dev')
[0m22:22:15.960000 [info ] [MainThread]: 
[0m22:22:15.961000 [debug] [MainThread]: Acquiring new postgres connection 'master'
[0m22:22:15.961509 [debug] [ThreadPool]: Acquiring new postgres connection 'list_warehouse'
[0m22:22:16.035182 [debug] [ThreadPool]: Using postgres connection "list_warehouse"
[0m22:22:16.035182 [debug] [ThreadPool]: On list_warehouse: /* {"app": "dbt", "dbt_version": "1.9.2", "profile_name": "de_project", "target_name": "dev", "connection_name": "list_warehouse"} */

    select distinct nspname from pg_namespace
  
[0m22:22:16.036180 [debug] [ThreadPool]: Opening a new connection, currently in state init
[0m22:22:16.104258 [debug] [ThreadPool]: SQL status: SELECT 4 in 0.068 seconds
[0m22:22:16.106255 [debug] [ThreadPool]: On list_warehouse: Close
[0m22:22:16.112281 [debug] [ThreadPool]: Acquiring new postgres connection 'list_warehouse_public'
[0m22:22:16.121797 [debug] [ThreadPool]: Using postgres connection "list_warehouse_public"
[0m22:22:16.123162 [debug] [ThreadPool]: On list_warehouse_public: BEGIN
[0m22:22:16.123162 [debug] [ThreadPool]: Opening a new connection, currently in state init
[0m22:22:16.193039 [debug] [ThreadPool]: SQL status: BEGIN in 0.069 seconds
[0m22:22:16.193039 [debug] [ThreadPool]: Using postgres connection "list_warehouse_public"
[0m22:22:16.194045 [debug] [ThreadPool]: On list_warehouse_public: /* {"app": "dbt", "dbt_version": "1.9.2", "profile_name": "de_project", "target_name": "dev", "connection_name": "list_warehouse_public"} */
select
      'warehouse' as database,
      tablename as name,
      schemaname as schema,
      'table' as type
    from pg_tables
    where schemaname ilike 'public'
    union all
    select
      'warehouse' as database,
      viewname as name,
      schemaname as schema,
      'view' as type
    from pg_views
    where schemaname ilike 'public'
    union all
    select
      'warehouse' as database,
      matviewname as name,
      schemaname as schema,
      'materialized_view' as type
    from pg_matviews
    where schemaname ilike 'public'
  
[0m22:22:16.200039 [debug] [ThreadPool]: SQL status: SELECT 4 in 0.006 seconds
[0m22:22:16.202551 [debug] [ThreadPool]: On list_warehouse_public: ROLLBACK
[0m22:22:16.203110 [debug] [ThreadPool]: On list_warehouse_public: Close
[0m22:22:16.212863 [debug] [MainThread]: Using postgres connection "master"
[0m22:22:16.212863 [debug] [MainThread]: On master: BEGIN
[0m22:22:16.212863 [debug] [MainThread]: Opening a new connection, currently in state init
[0m22:22:16.276554 [debug] [MainThread]: SQL status: BEGIN in 0.063 seconds
[0m22:22:16.276554 [debug] [MainThread]: Using postgres connection "master"
[0m22:22:16.276554 [debug] [MainThread]: On master: /* {"app": "dbt", "dbt_version": "1.9.2", "profile_name": "de_project", "target_name": "dev", "connection_name": "master"} */
with relation as (
        select
            pg_rewrite.ev_class as class,
            pg_rewrite.oid as id
        from pg_rewrite
    ),
    class as (
        select
            oid as id,
            relname as name,
            relnamespace as schema,
            relkind as kind
        from pg_class
    ),
    dependency as (
        select distinct
            pg_depend.objid as id,
            pg_depend.refobjid as ref
        from pg_depend
    ),
    schema as (
        select
            pg_namespace.oid as id,
            pg_namespace.nspname as name
        from pg_namespace
        where nspname != 'information_schema' and nspname not like 'pg\_%'
    ),
    referenced as (
        select
            relation.id AS id,
            referenced_class.name ,
            referenced_class.schema ,
            referenced_class.kind
        from relation
        join class as referenced_class on relation.class=referenced_class.id
        where referenced_class.kind in ('r', 'v', 'm')
    ),
    relationships as (
        select
            referenced.name as referenced_name,
            referenced.schema as referenced_schema_id,
            dependent_class.name as dependent_name,
            dependent_class.schema as dependent_schema_id,
            referenced.kind as kind
        from referenced
        join dependency on referenced.id=dependency.id
        join class as dependent_class on dependency.ref=dependent_class.id
        where
            (referenced.name != dependent_class.name or
             referenced.schema != dependent_class.schema)
    )

    select
        referenced_schema.name as referenced_schema,
        relationships.referenced_name as referenced_name,
        dependent_schema.name as dependent_schema,
        relationships.dependent_name as dependent_name
    from relationships
    join schema as dependent_schema on relationships.dependent_schema_id=dependent_schema.id
    join schema as referenced_schema on relationships.referenced_schema_id=referenced_schema.id
    group by referenced_schema, referenced_name, dependent_schema, dependent_name
    order by referenced_schema, referenced_name, dependent_schema, dependent_name;
[0m22:22:16.286159 [debug] [MainThread]: SQL status: SELECT 2 in 0.009 seconds
[0m22:22:16.288155 [debug] [MainThread]: Sending event: {'category': 'dbt', 'action': 'runnable_timing', 'label': 'e016e1e4-5758-433c-b87b-41c929153464', 'context': [<snowplow_tracker.self_describing_json.SelfDescribingJson object at 0x0000022A8CA2B740>]}
[0m22:22:16.289153 [debug] [MainThread]: On master: ROLLBACK
[0m22:22:16.291673 [debug] [MainThread]: Using postgres connection "master"
[0m22:22:16.291673 [debug] [MainThread]: On master: BEGIN
[0m22:22:16.293916 [debug] [MainThread]: SQL status: BEGIN in 0.002 seconds
[0m22:22:16.293916 [debug] [MainThread]: On master: COMMIT
[0m22:22:16.294914 [debug] [MainThread]: Using postgres connection "master"
[0m22:22:16.294914 [debug] [MainThread]: On master: COMMIT
[0m22:22:16.295914 [debug] [MainThread]: SQL status: COMMIT in 0.001 seconds
[0m22:22:16.296915 [debug] [MainThread]: On master: Close
[0m22:22:16.299918 [debug] [Thread-1 (]: Began running node model.de_project.report2
[0m22:22:16.300913 [info ] [Thread-1 (]: 1 of 1 START sql view model public.report2 ..................................... [RUN]
[0m22:22:16.302423 [debug] [Thread-1 (]: Acquiring new postgres connection 'model.de_project.report2'
[0m22:22:16.302963 [debug] [Thread-1 (]: Began compiling node model.de_project.report2
[0m22:22:16.310972 [debug] [Thread-1 (]: Writing injected SQL for node "model.de_project.report2"
[0m22:22:16.312486 [debug] [Thread-1 (]: Began executing node model.de_project.report2
[0m22:22:16.365579 [debug] [Thread-1 (]: Writing runtime sql for node "model.de_project.report2"
[0m22:22:16.366579 [debug] [Thread-1 (]: Using postgres connection "model.de_project.report2"
[0m22:22:16.367579 [debug] [Thread-1 (]: On model.de_project.report2: BEGIN
[0m22:22:16.367579 [debug] [Thread-1 (]: Opening a new connection, currently in state init
[0m22:22:16.419456 [debug] [Thread-1 (]: SQL status: BEGIN in 0.052 seconds
[0m22:22:16.419456 [debug] [Thread-1 (]: Using postgres connection "model.de_project.report2"
[0m22:22:16.419456 [debug] [Thread-1 (]: On model.de_project.report2: /* {"app": "dbt", "dbt_version": "1.9.2", "profile_name": "de_project", "target_name": "dev", "node_id": "model.de_project.report2"} */

  create view "warehouse"."public"."report2__dbt_tmp"
    
    
  as (
    WITH financial_transactions_by_years as (
    SELECT unique_id
    date_part( 'year',TIMESTAMP date) as year,
    amount,
    customer_id,
    type
    FROM public.financial_transactions
)

SELECT year, COUNT(unique_id)
FROM
financial_transactions
  );
[0m22:22:16.421480 [debug] [Thread-1 (]: Postgres adapter: Postgres error: syntax error at or near "("
LINE 9:     date_part( 'year',TIMESTAMP date) as year,
                     ^

[0m22:22:16.422488 [debug] [Thread-1 (]: On model.de_project.report2: ROLLBACK
[0m22:22:16.424488 [debug] [Thread-1 (]: On model.de_project.report2: Close
[0m22:22:16.433077 [debug] [Thread-1 (]: Database Error in model report2 (models\staging\report2.sql)
  syntax error at or near "("
  LINE 9:     date_part( 'year',TIMESTAMP date) as year,
                       ^
  compiled code at target\run\de_project\models\staging\report2.sql
[0m22:22:16.435082 [debug] [Thread-1 (]: Sending event: {'category': 'dbt', 'action': 'run_model', 'label': 'e016e1e4-5758-433c-b87b-41c929153464', 'context': [<snowplow_tracker.self_describing_json.SelfDescribingJson object at 0x0000022A8A15CCB0>]}
[0m22:22:16.436084 [error] [Thread-1 (]: 1 of 1 ERROR creating sql view model public.report2 ............................ [[31mERROR[0m in 0.13s]
[0m22:22:16.437088 [debug] [Thread-1 (]: Finished running node model.de_project.report2
[0m22:22:16.437088 [debug] [Thread-7 (]: Marking all children of 'model.de_project.report2' to be skipped because of status 'error'.  Reason: Database Error in model report2 (models\staging\report2.sql)
  syntax error at or near "("
  LINE 9:     date_part( 'year',TIMESTAMP date) as year,
                       ^
  compiled code at target\run\de_project\models\staging\report2.sql.
[0m22:22:16.440763 [debug] [MainThread]: Using postgres connection "master"
[0m22:22:16.440763 [debug] [MainThread]: On master: BEGIN
[0m22:22:16.441771 [debug] [MainThread]: Opening a new connection, currently in state closed
[0m22:22:16.511758 [debug] [MainThread]: SQL status: BEGIN in 0.070 seconds
[0m22:22:16.511758 [debug] [MainThread]: On master: COMMIT
[0m22:22:16.511758 [debug] [MainThread]: Using postgres connection "master"
[0m22:22:16.512804 [debug] [MainThread]: On master: COMMIT
[0m22:22:16.513793 [debug] [MainThread]: SQL status: COMMIT in 0.001 seconds
[0m22:22:16.513793 [debug] [MainThread]: On master: Close
[0m22:22:16.514796 [debug] [MainThread]: Connection 'master' was properly closed.
[0m22:22:16.515796 [debug] [MainThread]: Connection 'list_warehouse' was properly closed.
[0m22:22:16.515796 [debug] [MainThread]: Connection 'list_warehouse_public' was properly closed.
[0m22:22:16.515796 [debug] [MainThread]: Connection 'model.de_project.report2' was properly closed.
[0m22:22:16.515796 [info ] [MainThread]: 
[0m22:22:16.516796 [info ] [MainThread]: Finished running 1 view model in 0 hours 0 minutes and 0.56 seconds (0.56s).
[0m22:22:16.517795 [debug] [MainThread]: Command end result
[0m22:22:16.537850 [debug] [MainThread]: Wrote artifact WritableManifest to D:\DE\DataTalks\project\de_project\target\manifest.json
[0m22:22:16.540861 [debug] [MainThread]: Wrote artifact SemanticManifest to D:\DE\DataTalks\project\de_project\target\semantic_manifest.json
[0m22:22:16.547774 [debug] [MainThread]: Wrote artifact RunExecutionResult to D:\DE\DataTalks\project\de_project\target\run_results.json
[0m22:22:16.548776 [info ] [MainThread]: 
[0m22:22:16.549778 [info ] [MainThread]: [31mCompleted with 1 error, 0 partial successes, and 0 warnings:[0m
[0m22:22:16.549778 [info ] [MainThread]: 
[0m22:22:16.550779 [error] [MainThread]:   Database Error in model report2 (models\staging\report2.sql)
  syntax error at or near "("
  LINE 9:     date_part( 'year',TIMESTAMP date) as year,
                       ^
  compiled code at target\run\de_project\models\staging\report2.sql
[0m22:22:16.550779 [info ] [MainThread]: 
[0m22:22:16.551894 [info ] [MainThread]: Done. PASS=0 WARN=0 ERROR=1 SKIP=0 TOTAL=1
[0m22:22:16.551894 [debug] [MainThread]: Command `dbt run` failed at 22:22:16.551894 after 1.84 seconds
[0m22:22:16.552906 [debug] [MainThread]: Sending event: {'category': 'dbt', 'action': 'invocation', 'label': 'end', 'context': [<snowplow_tracker.self_describing_json.SelfDescribingJson object at 0x0000022A8A59FE00>, <snowplow_tracker.self_describing_json.SelfDescribingJson object at 0x0000022A8A819F40>, <snowplow_tracker.self_describing_json.SelfDescribingJson object at 0x0000022A8A8194C0>]}
[0m22:22:16.552906 [debug] [MainThread]: Flushing usage events
[0m22:22:17.784571 [debug] [MainThread]: An error was encountered while trying to flush usage events
[0m22:22:43.803058 [debug] [MainThread]: Sending event: {'category': 'dbt', 'action': 'invocation', 'label': 'start', 'context': [<snowplow_tracker.self_describing_json.SelfDescribingJson object at 0x00000208CE239E80>, <snowplow_tracker.self_describing_json.SelfDescribingJson object at 0x00000208CE9694C0>, <snowplow_tracker.self_describing_json.SelfDescribingJson object at 0x00000208CE2CA480>]}


============================== 22:22:43.808433 | 723452ad-40cf-4655-a7ba-0c725825401e ==============================
[0m22:22:43.808433 [info ] [MainThread]: Running with dbt=1.9.2
[0m22:22:43.809433 [debug] [MainThread]: running dbt with arguments {'printer_width': '80', 'indirect_selection': 'eager', 'log_cache_events': 'False', 'write_json': 'True', 'partial_parse': 'True', 'cache_selected_only': 'False', 'profiles_dir': 'C:\\Users\\MinhThanh\\.dbt', 'version_check': 'True', 'debug': 'False', 'log_path': 'D:\\DE\\DataTalks\\project\\de_project\\logs', 'fail_fast': 'False', 'warn_error': 'None', 'use_colors': 'True', 'use_experimental_parser': 'False', 'empty': 'False', 'quiet': 'False', 'no_print': 'None', 'log_format': 'default', 'invocation_command': 'dbt run --select report2', 'static_parser': 'True', 'warn_error_options': 'WarnErrorOptions(include=[], exclude=[])', 'target_path': 'None', 'introspect': 'True', 'send_anonymous_usage_stats': 'True'}
[0m22:22:44.065723 [debug] [MainThread]: Sending event: {'category': 'dbt', 'action': 'project_id', 'label': '723452ad-40cf-4655-a7ba-0c725825401e', 'context': [<snowplow_tracker.self_describing_json.SelfDescribingJson object at 0x00000208CED87530>]}
[0m22:22:44.130822 [debug] [MainThread]: Sending event: {'category': 'dbt', 'action': 'adapter_info', 'label': '723452ad-40cf-4655-a7ba-0c725825401e', 'context': [<snowplow_tracker.self_describing_json.SelfDescribingJson object at 0x00000208CE60DAF0>]}
[0m22:22:44.132276 [info ] [MainThread]: Registered adapter: postgres=1.9.0
[0m22:22:44.325077 [debug] [MainThread]: checksum: 12b12750b70de726cfd89136b8e24afc3f3e77597a97bff40ab7e5f9b39d5e18, vars: {}, profile: , target: , version: 1.9.2
[0m22:22:44.712368 [debug] [MainThread]: Partial parsing enabled: 0 files deleted, 0 files added, 1 files changed.
[0m22:22:44.716504 [debug] [MainThread]: Partial parsing: updated file: de_project://models\staging\report2.sql
[0m22:22:45.188563 [debug] [MainThread]: Sending event: {'category': 'dbt', 'action': 'load_project', 'label': '723452ad-40cf-4655-a7ba-0c725825401e', 'context': [<snowplow_tracker.self_describing_json.SelfDescribingJson object at 0x00000208D0574710>]}
[0m22:22:45.304166 [debug] [MainThread]: Wrote artifact WritableManifest to D:\DE\DataTalks\project\de_project\target\manifest.json
[0m22:22:45.309170 [debug] [MainThread]: Wrote artifact SemanticManifest to D:\DE\DataTalks\project\de_project\target\semantic_manifest.json
[0m22:22:45.337221 [debug] [MainThread]: Sending event: {'category': 'dbt', 'action': 'resource_counts', 'label': '723452ad-40cf-4655-a7ba-0c725825401e', 'context': [<snowplow_tracker.self_describing_json.SelfDescribingJson object at 0x00000208D07F3F50>]}
[0m22:22:45.337997 [info ] [MainThread]: Found 4 models, 4 data tests, 433 macros
[0m22:22:45.339005 [debug] [MainThread]: Sending event: {'category': 'dbt', 'action': 'runnable_timing', 'label': '723452ad-40cf-4655-a7ba-0c725825401e', 'context': [<snowplow_tracker.self_describing_json.SelfDescribingJson object at 0x00000208D06B18E0>]}
[0m22:22:45.341007 [info ] [MainThread]: 
[0m22:22:45.341512 [info ] [MainThread]: Concurrency: 4 threads (target='dev')
[0m22:22:45.343105 [info ] [MainThread]: 
[0m22:22:45.344112 [debug] [MainThread]: Acquiring new postgres connection 'master'
[0m22:22:45.346111 [debug] [ThreadPool]: Acquiring new postgres connection 'list_warehouse'
[0m22:22:45.444423 [debug] [ThreadPool]: Using postgres connection "list_warehouse"
[0m22:22:45.445425 [debug] [ThreadPool]: On list_warehouse: /* {"app": "dbt", "dbt_version": "1.9.2", "profile_name": "de_project", "target_name": "dev", "connection_name": "list_warehouse"} */

    select distinct nspname from pg_namespace
  
[0m22:22:45.446422 [debug] [ThreadPool]: Opening a new connection, currently in state init
[0m22:22:45.554410 [debug] [ThreadPool]: SQL status: SELECT 4 in 0.108 seconds
[0m22:22:45.557411 [debug] [ThreadPool]: On list_warehouse: Close
[0m22:22:45.569562 [debug] [ThreadPool]: Acquiring new postgres connection 'list_warehouse_public'
[0m22:22:45.587176 [debug] [ThreadPool]: Using postgres connection "list_warehouse_public"
[0m22:22:45.588178 [debug] [ThreadPool]: On list_warehouse_public: BEGIN
[0m22:22:45.588178 [debug] [ThreadPool]: Opening a new connection, currently in state init
[0m22:22:45.678556 [debug] [ThreadPool]: SQL status: BEGIN in 0.090 seconds
[0m22:22:45.679558 [debug] [ThreadPool]: Using postgres connection "list_warehouse_public"
[0m22:22:45.681893 [debug] [ThreadPool]: On list_warehouse_public: /* {"app": "dbt", "dbt_version": "1.9.2", "profile_name": "de_project", "target_name": "dev", "connection_name": "list_warehouse_public"} */
select
      'warehouse' as database,
      tablename as name,
      schemaname as schema,
      'table' as type
    from pg_tables
    where schemaname ilike 'public'
    union all
    select
      'warehouse' as database,
      viewname as name,
      schemaname as schema,
      'view' as type
    from pg_views
    where schemaname ilike 'public'
    union all
    select
      'warehouse' as database,
      matviewname as name,
      schemaname as schema,
      'materialized_view' as type
    from pg_matviews
    where schemaname ilike 'public'
  
[0m22:22:45.691889 [debug] [ThreadPool]: SQL status: SELECT 4 in 0.010 seconds
[0m22:22:45.694902 [debug] [ThreadPool]: On list_warehouse_public: ROLLBACK
[0m22:22:45.696904 [debug] [ThreadPool]: On list_warehouse_public: Close
[0m22:22:45.707187 [debug] [MainThread]: Using postgres connection "master"
[0m22:22:45.708190 [debug] [MainThread]: On master: BEGIN
[0m22:22:45.709187 [debug] [MainThread]: Opening a new connection, currently in state init
[0m22:22:45.783321 [debug] [MainThread]: SQL status: BEGIN in 0.074 seconds
[0m22:22:45.784323 [debug] [MainThread]: Using postgres connection "master"
[0m22:22:45.784323 [debug] [MainThread]: On master: /* {"app": "dbt", "dbt_version": "1.9.2", "profile_name": "de_project", "target_name": "dev", "connection_name": "master"} */
with relation as (
        select
            pg_rewrite.ev_class as class,
            pg_rewrite.oid as id
        from pg_rewrite
    ),
    class as (
        select
            oid as id,
            relname as name,
            relnamespace as schema,
            relkind as kind
        from pg_class
    ),
    dependency as (
        select distinct
            pg_depend.objid as id,
            pg_depend.refobjid as ref
        from pg_depend
    ),
    schema as (
        select
            pg_namespace.oid as id,
            pg_namespace.nspname as name
        from pg_namespace
        where nspname != 'information_schema' and nspname not like 'pg\_%'
    ),
    referenced as (
        select
            relation.id AS id,
            referenced_class.name ,
            referenced_class.schema ,
            referenced_class.kind
        from relation
        join class as referenced_class on relation.class=referenced_class.id
        where referenced_class.kind in ('r', 'v', 'm')
    ),
    relationships as (
        select
            referenced.name as referenced_name,
            referenced.schema as referenced_schema_id,
            dependent_class.name as dependent_name,
            dependent_class.schema as dependent_schema_id,
            referenced.kind as kind
        from referenced
        join dependency on referenced.id=dependency.id
        join class as dependent_class on dependency.ref=dependent_class.id
        where
            (referenced.name != dependent_class.name or
             referenced.schema != dependent_class.schema)
    )

    select
        referenced_schema.name as referenced_schema,
        relationships.referenced_name as referenced_name,
        dependent_schema.name as dependent_schema,
        relationships.dependent_name as dependent_name
    from relationships
    join schema as dependent_schema on relationships.dependent_schema_id=dependent_schema.id
    join schema as referenced_schema on relationships.referenced_schema_id=referenced_schema.id
    group by referenced_schema, referenced_name, dependent_schema, dependent_name
    order by referenced_schema, referenced_name, dependent_schema, dependent_name;
[0m22:22:45.798542 [debug] [MainThread]: SQL status: SELECT 2 in 0.013 seconds
[0m22:22:45.802087 [debug] [MainThread]: Sending event: {'category': 'dbt', 'action': 'runnable_timing', 'label': '723452ad-40cf-4655-a7ba-0c725825401e', 'context': [<snowplow_tracker.self_describing_json.SelfDescribingJson object at 0x00000208D0B7B0E0>]}
[0m22:22:45.803094 [debug] [MainThread]: On master: ROLLBACK
[0m22:22:45.804093 [debug] [MainThread]: Using postgres connection "master"
[0m22:22:45.805094 [debug] [MainThread]: On master: BEGIN
[0m22:22:45.807095 [debug] [MainThread]: SQL status: BEGIN in 0.002 seconds
[0m22:22:45.808099 [debug] [MainThread]: On master: COMMIT
[0m22:22:45.808099 [debug] [MainThread]: Using postgres connection "master"
[0m22:22:45.809095 [debug] [MainThread]: On master: COMMIT
[0m22:22:45.810603 [debug] [MainThread]: SQL status: COMMIT in 0.001 seconds
[0m22:22:45.811614 [debug] [MainThread]: On master: Close
[0m22:22:45.820036 [debug] [Thread-1 (]: Began running node model.de_project.report2
[0m22:22:45.821544 [info ] [Thread-1 (]: 1 of 1 START sql view model public.report2 ..................................... [RUN]
[0m22:22:45.823559 [debug] [Thread-1 (]: Acquiring new postgres connection 'model.de_project.report2'
[0m22:22:45.824556 [debug] [Thread-1 (]: Began compiling node model.de_project.report2
[0m22:22:45.840723 [debug] [Thread-1 (]: Writing injected SQL for node "model.de_project.report2"
[0m22:22:45.842237 [debug] [Thread-1 (]: Began executing node model.de_project.report2
[0m22:22:45.917476 [debug] [Thread-1 (]: Writing runtime sql for node "model.de_project.report2"
[0m22:22:45.918476 [debug] [Thread-1 (]: Using postgres connection "model.de_project.report2"
[0m22:22:45.919478 [debug] [Thread-1 (]: On model.de_project.report2: BEGIN
[0m22:22:45.919478 [debug] [Thread-1 (]: Opening a new connection, currently in state init
[0m22:22:45.998959 [debug] [Thread-1 (]: SQL status: BEGIN in 0.078 seconds
[0m22:22:45.999958 [debug] [Thread-1 (]: Using postgres connection "model.de_project.report2"
[0m22:22:45.999958 [debug] [Thread-1 (]: On model.de_project.report2: /* {"app": "dbt", "dbt_version": "1.9.2", "profile_name": "de_project", "target_name": "dev", "node_id": "model.de_project.report2"} */

  create view "warehouse"."public"."report2__dbt_tmp"
    
    
  as (
    WITH financial_transactions_by_years as (
    SELECT unique_id,
    date_part( 'year',TIMESTAMP date) as year,
    amount,
    customer_id,
    type
    FROM public.financial_transactions
)

SELECT year, COUNT(unique_id)
FROM
financial_transactions
  );
[0m22:22:46.001974 [debug] [Thread-1 (]: Postgres adapter: Postgres error: syntax error at or near "date"
LINE 9:     date_part( 'year',TIMESTAMP date) as year,
                                        ^

[0m22:22:46.002563 [debug] [Thread-1 (]: On model.de_project.report2: ROLLBACK
[0m22:22:46.003981 [debug] [Thread-1 (]: On model.de_project.report2: Close
[0m22:22:46.008980 [debug] [Thread-1 (]: Database Error in model report2 (models\staging\report2.sql)
  syntax error at or near "date"
  LINE 9:     date_part( 'year',TIMESTAMP date) as year,
                                          ^
  compiled code at target\run\de_project\models\staging\report2.sql
[0m22:22:46.011484 [debug] [Thread-1 (]: Sending event: {'category': 'dbt', 'action': 'run_model', 'label': '723452ad-40cf-4655-a7ba-0c725825401e', 'context': [<snowplow_tracker.self_describing_json.SelfDescribingJson object at 0x00000208D0B57FE0>]}
[0m22:22:46.012495 [error] [Thread-1 (]: 1 of 1 ERROR creating sql view model public.report2 ............................ [[31mERROR[0m in 0.19s]
[0m22:22:46.013619 [debug] [Thread-1 (]: Finished running node model.de_project.report2
[0m22:22:46.014619 [debug] [Thread-7 (]: Marking all children of 'model.de_project.report2' to be skipped because of status 'error'.  Reason: Database Error in model report2 (models\staging\report2.sql)
  syntax error at or near "date"
  LINE 9:     date_part( 'year',TIMESTAMP date) as year,
                                          ^
  compiled code at target\run\de_project\models\staging\report2.sql.
[0m22:22:46.016618 [debug] [MainThread]: Using postgres connection "master"
[0m22:22:46.017617 [debug] [MainThread]: On master: BEGIN
[0m22:22:46.017617 [debug] [MainThread]: Opening a new connection, currently in state closed
[0m22:22:46.086766 [debug] [MainThread]: SQL status: BEGIN in 0.069 seconds
[0m22:22:46.086766 [debug] [MainThread]: On master: COMMIT
[0m22:22:46.087767 [debug] [MainThread]: Using postgres connection "master"
[0m22:22:46.087767 [debug] [MainThread]: On master: COMMIT
[0m22:22:46.088767 [debug] [MainThread]: SQL status: COMMIT in 0.001 seconds
[0m22:22:46.089774 [debug] [MainThread]: On master: Close
[0m22:22:46.090768 [debug] [MainThread]: Connection 'master' was properly closed.
[0m22:22:46.091275 [debug] [MainThread]: Connection 'list_warehouse' was properly closed.
[0m22:22:46.091784 [debug] [MainThread]: Connection 'list_warehouse_public' was properly closed.
[0m22:22:46.091784 [debug] [MainThread]: Connection 'model.de_project.report2' was properly closed.
[0m22:22:46.092793 [info ] [MainThread]: 
[0m22:22:46.093491 [info ] [MainThread]: Finished running 1 view model in 0 hours 0 minutes and 0.75 seconds (0.75s).
[0m22:22:46.094499 [debug] [MainThread]: Command end result
[0m22:22:46.121591 [debug] [MainThread]: Wrote artifact WritableManifest to D:\DE\DataTalks\project\de_project\target\manifest.json
[0m22:22:46.123806 [debug] [MainThread]: Wrote artifact SemanticManifest to D:\DE\DataTalks\project\de_project\target\semantic_manifest.json
[0m22:22:46.134455 [debug] [MainThread]: Wrote artifact RunExecutionResult to D:\DE\DataTalks\project\de_project\target\run_results.json
[0m22:22:46.134455 [info ] [MainThread]: 
[0m22:22:46.135458 [info ] [MainThread]: [31mCompleted with 1 error, 0 partial successes, and 0 warnings:[0m
[0m22:22:46.136462 [info ] [MainThread]: 
[0m22:22:46.136462 [error] [MainThread]:   Database Error in model report2 (models\staging\report2.sql)
  syntax error at or near "date"
  LINE 9:     date_part( 'year',TIMESTAMP date) as year,
                                          ^
  compiled code at target\run\de_project\models\staging\report2.sql
[0m22:22:46.137455 [info ] [MainThread]: 
[0m22:22:46.138475 [info ] [MainThread]: Done. PASS=0 WARN=0 ERROR=1 SKIP=0 TOTAL=1
[0m22:22:46.139240 [debug] [MainThread]: Command `dbt run` failed at 22:22:46.139240 after 2.62 seconds
[0m22:22:46.140806 [debug] [MainThread]: Sending event: {'category': 'dbt', 'action': 'invocation', 'label': 'end', 'context': [<snowplow_tracker.self_describing_json.SelfDescribingJson object at 0x00000208CEDAD580>, <snowplow_tracker.self_describing_json.SelfDescribingJson object at 0x00000208CE8B5C40>, <snowplow_tracker.self_describing_json.SelfDescribingJson object at 0x00000208CE8B51C0>]}
[0m22:22:46.140806 [debug] [MainThread]: Flushing usage events
[0m22:22:47.333846 [debug] [MainThread]: An error was encountered while trying to flush usage events
[0m22:23:17.209554 [debug] [MainThread]: Sending event: {'category': 'dbt', 'action': 'invocation', 'label': 'start', 'context': [<snowplow_tracker.self_describing_json.SelfDescribingJson object at 0x000001E4097276E0>, <snowplow_tracker.self_describing_json.SelfDescribingJson object at 0x000001E409A5A030>, <snowplow_tracker.self_describing_json.SelfDescribingJson object at 0x000001E409F6CF80>]}


============================== 22:23:17.213076 | 01c902bf-ca3f-4897-a77a-48af19333358 ==============================
[0m22:23:17.213076 [info ] [MainThread]: Running with dbt=1.9.2
[0m22:23:17.214077 [debug] [MainThread]: running dbt with arguments {'printer_width': '80', 'indirect_selection': 'eager', 'log_cache_events': 'False', 'write_json': 'True', 'partial_parse': 'True', 'cache_selected_only': 'False', 'profiles_dir': 'C:\\Users\\MinhThanh\\.dbt', 'fail_fast': 'False', 'version_check': 'True', 'log_path': 'D:\\DE\\DataTalks\\project\\de_project\\logs', 'warn_error': 'None', 'debug': 'False', 'use_colors': 'True', 'use_experimental_parser': 'False', 'no_print': 'None', 'quiet': 'False', 'empty': 'False', 'log_format': 'default', 'static_parser': 'True', 'invocation_command': 'dbt run --select report2', 'introspect': 'True', 'target_path': 'None', 'warn_error_options': 'WarnErrorOptions(include=[], exclude=[])', 'send_anonymous_usage_stats': 'True'}
[0m22:23:17.397469 [debug] [MainThread]: Sending event: {'category': 'dbt', 'action': 'project_id', 'label': '01c902bf-ca3f-4897-a77a-48af19333358', 'context': [<snowplow_tracker.self_describing_json.SelfDescribingJson object at 0x000001E40A0F5880>]}
[0m22:23:17.453152 [debug] [MainThread]: Sending event: {'category': 'dbt', 'action': 'adapter_info', 'label': '01c902bf-ca3f-4897-a77a-48af19333358', 'context': [<snowplow_tracker.self_describing_json.SelfDescribingJson object at 0x000001E409D768A0>]}
[0m22:23:17.454162 [info ] [MainThread]: Registered adapter: postgres=1.9.0
[0m22:23:17.646259 [debug] [MainThread]: checksum: 12b12750b70de726cfd89136b8e24afc3f3e77597a97bff40ab7e5f9b39d5e18, vars: {}, profile: , target: , version: 1.9.2
[0m22:23:17.782254 [debug] [MainThread]: Partial parsing enabled: 0 files deleted, 0 files added, 1 files changed.
[0m22:23:17.782254 [debug] [MainThread]: Partial parsing: updated file: de_project://models\staging\report2.sql
[0m22:23:18.114129 [debug] [MainThread]: Sending event: {'category': 'dbt', 'action': 'load_project', 'label': '01c902bf-ca3f-4897-a77a-48af19333358', 'context': [<snowplow_tracker.self_describing_json.SelfDescribingJson object at 0x000001E40BB9E690>]}
[0m22:23:18.199431 [debug] [MainThread]: Wrote artifact WritableManifest to D:\DE\DataTalks\project\de_project\target\manifest.json
[0m22:23:18.204513 [debug] [MainThread]: Wrote artifact SemanticManifest to D:\DE\DataTalks\project\de_project\target\semantic_manifest.json
[0m22:23:18.226119 [debug] [MainThread]: Sending event: {'category': 'dbt', 'action': 'resource_counts', 'label': '01c902bf-ca3f-4897-a77a-48af19333358', 'context': [<snowplow_tracker.self_describing_json.SelfDescribingJson object at 0x000001E40BB73BC0>]}
[0m22:23:18.226119 [info ] [MainThread]: Found 4 models, 4 data tests, 433 macros
[0m22:23:18.227135 [debug] [MainThread]: Sending event: {'category': 'dbt', 'action': 'runnable_timing', 'label': '01c902bf-ca3f-4897-a77a-48af19333358', 'context': [<snowplow_tracker.self_describing_json.SelfDescribingJson object at 0x000001E40BA034D0>]}
[0m22:23:18.228120 [info ] [MainThread]: 
[0m22:23:18.229118 [info ] [MainThread]: Concurrency: 4 threads (target='dev')
[0m22:23:18.229118 [info ] [MainThread]: 
[0m22:23:18.230623 [debug] [MainThread]: Acquiring new postgres connection 'master'
[0m22:23:18.232859 [debug] [ThreadPool]: Acquiring new postgres connection 'list_warehouse'
[0m22:23:18.307306 [debug] [ThreadPool]: Using postgres connection "list_warehouse"
[0m22:23:18.307306 [debug] [ThreadPool]: On list_warehouse: /* {"app": "dbt", "dbt_version": "1.9.2", "profile_name": "de_project", "target_name": "dev", "connection_name": "list_warehouse"} */

    select distinct nspname from pg_namespace
  
[0m22:23:18.308303 [debug] [ThreadPool]: Opening a new connection, currently in state init
[0m22:23:18.379452 [debug] [ThreadPool]: SQL status: SELECT 4 in 0.072 seconds
[0m22:23:18.383073 [debug] [ThreadPool]: On list_warehouse: Close
[0m22:23:18.389090 [debug] [ThreadPool]: Acquiring new postgres connection 'list_warehouse_public'
[0m22:23:18.398901 [debug] [ThreadPool]: Using postgres connection "list_warehouse_public"
[0m22:23:18.398901 [debug] [ThreadPool]: On list_warehouse_public: BEGIN
[0m22:23:18.399885 [debug] [ThreadPool]: Opening a new connection, currently in state init
[0m22:23:18.464511 [debug] [ThreadPool]: SQL status: BEGIN in 0.065 seconds
[0m22:23:18.464511 [debug] [ThreadPool]: Using postgres connection "list_warehouse_public"
[0m22:23:18.465507 [debug] [ThreadPool]: On list_warehouse_public: /* {"app": "dbt", "dbt_version": "1.9.2", "profile_name": "de_project", "target_name": "dev", "connection_name": "list_warehouse_public"} */
select
      'warehouse' as database,
      tablename as name,
      schemaname as schema,
      'table' as type
    from pg_tables
    where schemaname ilike 'public'
    union all
    select
      'warehouse' as database,
      viewname as name,
      schemaname as schema,
      'view' as type
    from pg_views
    where schemaname ilike 'public'
    union all
    select
      'warehouse' as database,
      matviewname as name,
      schemaname as schema,
      'materialized_view' as type
    from pg_matviews
    where schemaname ilike 'public'
  
[0m22:23:18.471540 [debug] [ThreadPool]: SQL status: SELECT 4 in 0.005 seconds
[0m22:23:18.472516 [debug] [ThreadPool]: On list_warehouse_public: ROLLBACK
[0m22:23:18.473550 [debug] [ThreadPool]: On list_warehouse_public: Close
[0m22:23:18.479550 [debug] [MainThread]: Using postgres connection "master"
[0m22:23:18.479550 [debug] [MainThread]: On master: BEGIN
[0m22:23:18.481059 [debug] [MainThread]: Opening a new connection, currently in state init
[0m22:23:18.534962 [debug] [MainThread]: SQL status: BEGIN in 0.054 seconds
[0m22:23:18.535962 [debug] [MainThread]: Using postgres connection "master"
[0m22:23:18.535962 [debug] [MainThread]: On master: /* {"app": "dbt", "dbt_version": "1.9.2", "profile_name": "de_project", "target_name": "dev", "connection_name": "master"} */
with relation as (
        select
            pg_rewrite.ev_class as class,
            pg_rewrite.oid as id
        from pg_rewrite
    ),
    class as (
        select
            oid as id,
            relname as name,
            relnamespace as schema,
            relkind as kind
        from pg_class
    ),
    dependency as (
        select distinct
            pg_depend.objid as id,
            pg_depend.refobjid as ref
        from pg_depend
    ),
    schema as (
        select
            pg_namespace.oid as id,
            pg_namespace.nspname as name
        from pg_namespace
        where nspname != 'information_schema' and nspname not like 'pg\_%'
    ),
    referenced as (
        select
            relation.id AS id,
            referenced_class.name ,
            referenced_class.schema ,
            referenced_class.kind
        from relation
        join class as referenced_class on relation.class=referenced_class.id
        where referenced_class.kind in ('r', 'v', 'm')
    ),
    relationships as (
        select
            referenced.name as referenced_name,
            referenced.schema as referenced_schema_id,
            dependent_class.name as dependent_name,
            dependent_class.schema as dependent_schema_id,
            referenced.kind as kind
        from referenced
        join dependency on referenced.id=dependency.id
        join class as dependent_class on dependency.ref=dependent_class.id
        where
            (referenced.name != dependent_class.name or
             referenced.schema != dependent_class.schema)
    )

    select
        referenced_schema.name as referenced_schema,
        relationships.referenced_name as referenced_name,
        dependent_schema.name as dependent_schema,
        relationships.dependent_name as dependent_name
    from relationships
    join schema as dependent_schema on relationships.dependent_schema_id=dependent_schema.id
    join schema as referenced_schema on relationships.referenced_schema_id=referenced_schema.id
    group by referenced_schema, referenced_name, dependent_schema, dependent_name
    order by referenced_schema, referenced_name, dependent_schema, dependent_name;
[0m22:23:18.543479 [debug] [MainThread]: SQL status: SELECT 2 in 0.007 seconds
[0m22:23:18.544482 [debug] [MainThread]: Sending event: {'category': 'dbt', 'action': 'runnable_timing', 'label': '01c902bf-ca3f-4897-a77a-48af19333358', 'context': [<snowplow_tracker.self_describing_json.SelfDescribingJson object at 0x000001E40A70AC60>]}
[0m22:23:18.545481 [debug] [MainThread]: On master: ROLLBACK
[0m22:23:18.546481 [debug] [MainThread]: Using postgres connection "master"
[0m22:23:18.546481 [debug] [MainThread]: On master: BEGIN
[0m22:23:18.548481 [debug] [MainThread]: SQL status: BEGIN in 0.001 seconds
[0m22:23:18.548481 [debug] [MainThread]: On master: COMMIT
[0m22:23:18.548481 [debug] [MainThread]: Using postgres connection "master"
[0m22:23:18.549482 [debug] [MainThread]: On master: COMMIT
[0m22:23:18.549482 [debug] [MainThread]: SQL status: COMMIT in 0.001 seconds
[0m22:23:18.549482 [debug] [MainThread]: On master: Close
[0m22:23:18.554798 [debug] [Thread-1 (]: Began running node model.de_project.report2
[0m22:23:18.555795 [info ] [Thread-1 (]: 1 of 1 START sql view model public.report2 ..................................... [RUN]
[0m22:23:18.556800 [debug] [Thread-1 (]: Acquiring new postgres connection 'model.de_project.report2'
[0m22:23:18.556800 [debug] [Thread-1 (]: Began compiling node model.de_project.report2
[0m22:23:18.562880 [debug] [Thread-1 (]: Writing injected SQL for node "model.de_project.report2"
[0m22:23:18.563434 [debug] [Thread-1 (]: Began executing node model.de_project.report2
[0m22:23:18.603266 [debug] [Thread-1 (]: Writing runtime sql for node "model.de_project.report2"
[0m22:23:18.603266 [debug] [Thread-1 (]: Using postgres connection "model.de_project.report2"
[0m22:23:18.604271 [debug] [Thread-1 (]: On model.de_project.report2: BEGIN
[0m22:23:18.604271 [debug] [Thread-1 (]: Opening a new connection, currently in state init
[0m22:23:18.661048 [debug] [Thread-1 (]: SQL status: BEGIN in 0.056 seconds
[0m22:23:18.661556 [debug] [Thread-1 (]: Using postgres connection "model.de_project.report2"
[0m22:23:18.661556 [debug] [Thread-1 (]: On model.de_project.report2: /* {"app": "dbt", "dbt_version": "1.9.2", "profile_name": "de_project", "target_name": "dev", "node_id": "model.de_project.report2"} */

  create view "warehouse"."public"."report2__dbt_tmp"
    
    
  as (
    WITH financial_transactions_by_years as (
    SELECT unique_id,
    date_part( 'year',TIMESTAMP 'date') as year,
    amount,
    customer_id,
    type
    FROM public.financial_transactions
)

SELECT year, COUNT(unique_id)
FROM
financial_transactions
  );
[0m22:23:18.664081 [debug] [Thread-1 (]: Postgres adapter: Postgres error: invalid input syntax for type timestamp: "date"
LINE 9:     date_part( 'year',TIMESTAMP 'date') as year,
                                        ^

[0m22:23:18.664081 [debug] [Thread-1 (]: On model.de_project.report2: ROLLBACK
[0m22:23:18.666083 [debug] [Thread-1 (]: On model.de_project.report2: Close
[0m22:23:18.672542 [debug] [Thread-1 (]: Database Error in model report2 (models\staging\report2.sql)
  invalid input syntax for type timestamp: "date"
  LINE 9:     date_part( 'year',TIMESTAMP 'date') as year,
                                          ^
  compiled code at target\run\de_project\models\staging\report2.sql
[0m22:23:18.674552 [debug] [Thread-1 (]: Sending event: {'category': 'dbt', 'action': 'run_model', 'label': '01c902bf-ca3f-4897-a77a-48af19333358', 'context': [<snowplow_tracker.self_describing_json.SelfDescribingJson object at 0x000001E40BF05010>]}
[0m22:23:18.674552 [error] [Thread-1 (]: 1 of 1 ERROR creating sql view model public.report2 ............................ [[31mERROR[0m in 0.12s]
[0m22:23:18.676548 [debug] [Thread-1 (]: Finished running node model.de_project.report2
[0m22:23:18.677548 [debug] [Thread-7 (]: Marking all children of 'model.de_project.report2' to be skipped because of status 'error'.  Reason: Database Error in model report2 (models\staging\report2.sql)
  invalid input syntax for type timestamp: "date"
  LINE 9:     date_part( 'year',TIMESTAMP 'date') as year,
                                          ^
  compiled code at target\run\de_project\models\staging\report2.sql.
[0m22:23:18.679585 [debug] [MainThread]: Using postgres connection "master"
[0m22:23:18.679585 [debug] [MainThread]: On master: BEGIN
[0m22:23:18.680649 [debug] [MainThread]: Opening a new connection, currently in state closed
[0m22:23:18.750558 [debug] [MainThread]: SQL status: BEGIN in 0.070 seconds
[0m22:23:18.752653 [debug] [MainThread]: On master: COMMIT
[0m22:23:18.753215 [debug] [MainThread]: Using postgres connection "master"
[0m22:23:18.753215 [debug] [MainThread]: On master: COMMIT
[0m22:23:18.754224 [debug] [MainThread]: SQL status: COMMIT in 0.001 seconds
[0m22:23:18.754224 [debug] [MainThread]: On master: Close
[0m22:23:18.755227 [debug] [MainThread]: Connection 'master' was properly closed.
[0m22:23:18.756223 [debug] [MainThread]: Connection 'list_warehouse' was properly closed.
[0m22:23:18.756223 [debug] [MainThread]: Connection 'list_warehouse_public' was properly closed.
[0m22:23:18.757238 [debug] [MainThread]: Connection 'model.de_project.report2' was properly closed.
[0m22:23:18.757238 [info ] [MainThread]: 
[0m22:23:18.758222 [info ] [MainThread]: Finished running 1 view model in 0 hours 0 minutes and 0.53 seconds (0.53s).
[0m22:23:18.758222 [debug] [MainThread]: Command end result
[0m22:23:18.779826 [debug] [MainThread]: Wrote artifact WritableManifest to D:\DE\DataTalks\project\de_project\target\manifest.json
[0m22:23:18.781854 [debug] [MainThread]: Wrote artifact SemanticManifest to D:\DE\DataTalks\project\de_project\target\semantic_manifest.json
[0m22:23:18.789861 [debug] [MainThread]: Wrote artifact RunExecutionResult to D:\DE\DataTalks\project\de_project\target\run_results.json
[0m22:23:18.789861 [info ] [MainThread]: 
[0m22:23:18.791365 [info ] [MainThread]: [31mCompleted with 1 error, 0 partial successes, and 0 warnings:[0m
[0m22:23:18.791870 [info ] [MainThread]: 
[0m22:23:18.792877 [error] [MainThread]:   Database Error in model report2 (models\staging\report2.sql)
  invalid input syntax for type timestamp: "date"
  LINE 9:     date_part( 'year',TIMESTAMP 'date') as year,
                                          ^
  compiled code at target\run\de_project\models\staging\report2.sql
[0m22:23:18.793455 [info ] [MainThread]: 
[0m22:23:18.793455 [info ] [MainThread]: Done. PASS=0 WARN=0 ERROR=1 SKIP=0 TOTAL=1
[0m22:23:18.794462 [debug] [MainThread]: Command `dbt run` failed at 22:23:18.794462 after 1.75 seconds
[0m22:23:18.795461 [debug] [MainThread]: Sending event: {'category': 'dbt', 'action': 'invocation', 'label': 'end', 'context': [<snowplow_tracker.self_describing_json.SelfDescribingJson object at 0x000001E409512510>, <snowplow_tracker.self_describing_json.SelfDescribingJson object at 0x000001E409511880>, <snowplow_tracker.self_describing_json.SelfDescribingJson object at 0x000001E409513F80>]}
[0m22:23:18.795461 [debug] [MainThread]: Flushing usage events
[0m22:23:20.062803 [debug] [MainThread]: An error was encountered while trying to flush usage events
[0m22:23:29.700786 [debug] [MainThread]: Sending event: {'category': 'dbt', 'action': 'invocation', 'label': 'start', 'context': [<snowplow_tracker.self_describing_json.SelfDescribingJson object at 0x00000229E35EC0B0>, <snowplow_tracker.self_describing_json.SelfDescribingJson object at 0x00000229E3FD91F0>, <snowplow_tracker.self_describing_json.SelfDescribingJson object at 0x00000229E3B4C380>]}


============================== 22:23:29.705309 | e14e724a-e90d-4df7-83e8-bdcce358e5b7 ==============================
[0m22:23:29.705309 [info ] [MainThread]: Running with dbt=1.9.2
[0m22:23:29.706307 [debug] [MainThread]: running dbt with arguments {'printer_width': '80', 'indirect_selection': 'eager', 'write_json': 'True', 'log_cache_events': 'False', 'partial_parse': 'True', 'cache_selected_only': 'False', 'profiles_dir': 'C:\\Users\\MinhThanh\\.dbt', 'version_check': 'True', 'debug': 'False', 'log_path': 'D:\\DE\\DataTalks\\project\\de_project\\logs', 'fail_fast': 'False', 'warn_error': 'None', 'use_colors': 'True', 'use_experimental_parser': 'False', 'empty': 'False', 'quiet': 'False', 'no_print': 'None', 'log_format': 'default', 'static_parser': 'True', 'introspect': 'True', 'invocation_command': 'dbt run --select report2', 'target_path': 'None', 'warn_error_options': 'WarnErrorOptions(include=[], exclude=[])', 'send_anonymous_usage_stats': 'True'}
[0m22:23:29.886399 [debug] [MainThread]: Sending event: {'category': 'dbt', 'action': 'project_id', 'label': 'e14e724a-e90d-4df7-83e8-bdcce358e5b7', 'context': [<snowplow_tracker.self_describing_json.SelfDescribingJson object at 0x00000229E4583080>]}
[0m22:23:29.960712 [debug] [MainThread]: Sending event: {'category': 'dbt', 'action': 'adapter_info', 'label': 'e14e724a-e90d-4df7-83e8-bdcce358e5b7', 'context': [<snowplow_tracker.self_describing_json.SelfDescribingJson object at 0x00000229E40088C0>]}
[0m22:23:29.961722 [info ] [MainThread]: Registered adapter: postgres=1.9.0
[0m22:23:30.153327 [debug] [MainThread]: checksum: 12b12750b70de726cfd89136b8e24afc3f3e77597a97bff40ab7e5f9b39d5e18, vars: {}, profile: , target: , version: 1.9.2
[0m22:23:30.266815 [debug] [MainThread]: Partial parsing enabled: 0 files deleted, 0 files added, 1 files changed.
[0m22:23:30.266815 [debug] [MainThread]: Partial parsing: updated file: de_project://models\staging\report2.sql
[0m22:23:30.506625 [debug] [MainThread]: Sending event: {'category': 'dbt', 'action': 'load_project', 'label': 'e14e724a-e90d-4df7-83e8-bdcce358e5b7', 'context': [<snowplow_tracker.self_describing_json.SelfDescribingJson object at 0x00000229E49CE210>]}
[0m22:23:30.569592 [debug] [MainThread]: Wrote artifact WritableManifest to D:\DE\DataTalks\project\de_project\target\manifest.json
[0m22:23:30.573157 [debug] [MainThread]: Wrote artifact SemanticManifest to D:\DE\DataTalks\project\de_project\target\semantic_manifest.json
[0m22:23:30.588945 [debug] [MainThread]: Sending event: {'category': 'dbt', 'action': 'resource_counts', 'label': 'e14e724a-e90d-4df7-83e8-bdcce358e5b7', 'context': [<snowplow_tracker.self_describing_json.SelfDescribingJson object at 0x00000229E5E2FE90>]}
[0m22:23:30.588945 [info ] [MainThread]: Found 4 models, 4 data tests, 433 macros
[0m22:23:30.590030 [debug] [MainThread]: Sending event: {'category': 'dbt', 'action': 'runnable_timing', 'label': 'e14e724a-e90d-4df7-83e8-bdcce358e5b7', 'context': [<snowplow_tracker.self_describing_json.SelfDescribingJson object at 0x00000229E4B9FC80>]}
[0m22:23:30.592799 [info ] [MainThread]: 
[0m22:23:30.593442 [info ] [MainThread]: Concurrency: 4 threads (target='dev')
[0m22:23:30.594475 [info ] [MainThread]: 
[0m22:23:30.595449 [debug] [MainThread]: Acquiring new postgres connection 'master'
[0m22:23:30.596652 [debug] [ThreadPool]: Acquiring new postgres connection 'list_warehouse'
[0m22:23:30.659402 [debug] [ThreadPool]: Using postgres connection "list_warehouse"
[0m22:23:30.660908 [debug] [ThreadPool]: On list_warehouse: /* {"app": "dbt", "dbt_version": "1.9.2", "profile_name": "de_project", "target_name": "dev", "connection_name": "list_warehouse"} */

    select distinct nspname from pg_namespace
  
[0m22:23:30.660908 [debug] [ThreadPool]: Opening a new connection, currently in state init
[0m22:23:30.816734 [debug] [ThreadPool]: SQL status: SELECT 4 in 0.156 seconds
[0m22:23:30.819737 [debug] [ThreadPool]: On list_warehouse: Close
[0m22:23:30.827434 [debug] [ThreadPool]: Acquiring new postgres connection 'list_warehouse_public'
[0m22:23:30.839996 [debug] [ThreadPool]: Using postgres connection "list_warehouse_public"
[0m22:23:30.841301 [debug] [ThreadPool]: On list_warehouse_public: BEGIN
[0m22:23:30.841811 [debug] [ThreadPool]: Opening a new connection, currently in state init
[0m22:23:30.956003 [debug] [ThreadPool]: SQL status: BEGIN in 0.114 seconds
[0m22:23:30.956003 [debug] [ThreadPool]: Using postgres connection "list_warehouse_public"
[0m22:23:30.958012 [debug] [ThreadPool]: On list_warehouse_public: /* {"app": "dbt", "dbt_version": "1.9.2", "profile_name": "de_project", "target_name": "dev", "connection_name": "list_warehouse_public"} */
select
      'warehouse' as database,
      tablename as name,
      schemaname as schema,
      'table' as type
    from pg_tables
    where schemaname ilike 'public'
    union all
    select
      'warehouse' as database,
      viewname as name,
      schemaname as schema,
      'view' as type
    from pg_views
    where schemaname ilike 'public'
    union all
    select
      'warehouse' as database,
      matviewname as name,
      schemaname as schema,
      'materialized_view' as type
    from pg_matviews
    where schemaname ilike 'public'
  
[0m22:23:30.965997 [debug] [ThreadPool]: SQL status: SELECT 4 in 0.008 seconds
[0m22:23:30.968029 [debug] [ThreadPool]: On list_warehouse_public: ROLLBACK
[0m22:23:30.970028 [debug] [ThreadPool]: On list_warehouse_public: Close
[0m22:23:30.980694 [debug] [MainThread]: Using postgres connection "master"
[0m22:23:30.981199 [debug] [MainThread]: On master: BEGIN
[0m22:23:30.981704 [debug] [MainThread]: Opening a new connection, currently in state init
[0m22:23:31.131040 [debug] [MainThread]: SQL status: BEGIN in 0.149 seconds
[0m22:23:31.131040 [debug] [MainThread]: Using postgres connection "master"
[0m22:23:31.131549 [debug] [MainThread]: On master: /* {"app": "dbt", "dbt_version": "1.9.2", "profile_name": "de_project", "target_name": "dev", "connection_name": "master"} */
with relation as (
        select
            pg_rewrite.ev_class as class,
            pg_rewrite.oid as id
        from pg_rewrite
    ),
    class as (
        select
            oid as id,
            relname as name,
            relnamespace as schema,
            relkind as kind
        from pg_class
    ),
    dependency as (
        select distinct
            pg_depend.objid as id,
            pg_depend.refobjid as ref
        from pg_depend
    ),
    schema as (
        select
            pg_namespace.oid as id,
            pg_namespace.nspname as name
        from pg_namespace
        where nspname != 'information_schema' and nspname not like 'pg\_%'
    ),
    referenced as (
        select
            relation.id AS id,
            referenced_class.name ,
            referenced_class.schema ,
            referenced_class.kind
        from relation
        join class as referenced_class on relation.class=referenced_class.id
        where referenced_class.kind in ('r', 'v', 'm')
    ),
    relationships as (
        select
            referenced.name as referenced_name,
            referenced.schema as referenced_schema_id,
            dependent_class.name as dependent_name,
            dependent_class.schema as dependent_schema_id,
            referenced.kind as kind
        from referenced
        join dependency on referenced.id=dependency.id
        join class as dependent_class on dependency.ref=dependent_class.id
        where
            (referenced.name != dependent_class.name or
             referenced.schema != dependent_class.schema)
    )

    select
        referenced_schema.name as referenced_schema,
        relationships.referenced_name as referenced_name,
        dependent_schema.name as dependent_schema,
        relationships.dependent_name as dependent_name
    from relationships
    join schema as dependent_schema on relationships.dependent_schema_id=dependent_schema.id
    join schema as referenced_schema on relationships.referenced_schema_id=referenced_schema.id
    group by referenced_schema, referenced_name, dependent_schema, dependent_name
    order by referenced_schema, referenced_name, dependent_schema, dependent_name;
[0m22:23:31.142573 [debug] [MainThread]: SQL status: SELECT 2 in 0.010 seconds
[0m22:23:31.144204 [debug] [MainThread]: Sending event: {'category': 'dbt', 'action': 'runnable_timing', 'label': 'e14e724a-e90d-4df7-83e8-bdcce358e5b7', 'context': [<snowplow_tracker.self_describing_json.SelfDescribingJson object at 0x00000229E5CF7050>]}
[0m22:23:31.144204 [debug] [MainThread]: On master: ROLLBACK
[0m22:23:31.146202 [debug] [MainThread]: Using postgres connection "master"
[0m22:23:31.146202 [debug] [MainThread]: On master: BEGIN
[0m22:23:31.149203 [debug] [MainThread]: SQL status: BEGIN in 0.002 seconds
[0m22:23:31.149203 [debug] [MainThread]: On master: COMMIT
[0m22:23:31.149203 [debug] [MainThread]: Using postgres connection "master"
[0m22:23:31.149203 [debug] [MainThread]: On master: COMMIT
[0m22:23:31.151714 [debug] [MainThread]: SQL status: COMMIT in 0.001 seconds
[0m22:23:31.151714 [debug] [MainThread]: On master: Close
[0m22:23:31.158555 [debug] [Thread-1 (]: Began running node model.de_project.report2
[0m22:23:31.159552 [info ] [Thread-1 (]: 1 of 1 START sql view model public.report2 ..................................... [RUN]
[0m22:23:31.159552 [debug] [Thread-1 (]: Acquiring new postgres connection 'model.de_project.report2'
[0m22:23:31.161088 [debug] [Thread-1 (]: Began compiling node model.de_project.report2
[0m22:23:31.167169 [debug] [Thread-1 (]: Writing injected SQL for node "model.de_project.report2"
[0m22:23:31.169171 [debug] [Thread-1 (]: Began executing node model.de_project.report2
[0m22:23:31.238918 [debug] [Thread-1 (]: Writing runtime sql for node "model.de_project.report2"
[0m22:23:31.239917 [debug] [Thread-1 (]: Using postgres connection "model.de_project.report2"
[0m22:23:31.241424 [debug] [Thread-1 (]: On model.de_project.report2: BEGIN
[0m22:23:31.241424 [debug] [Thread-1 (]: Opening a new connection, currently in state init
[0m22:23:31.307062 [debug] [Thread-1 (]: SQL status: BEGIN in 0.065 seconds
[0m22:23:31.308074 [debug] [Thread-1 (]: Using postgres connection "model.de_project.report2"
[0m22:23:31.308074 [debug] [Thread-1 (]: On model.de_project.report2: /* {"app": "dbt", "dbt_version": "1.9.2", "profile_name": "de_project", "target_name": "dev", "node_id": "model.de_project.report2"} */

  create view "warehouse"."public"."report2__dbt_tmp"
    
    
  as (
    WITH financial_transactions_by_years as (
    SELECT unique_id,
    date_part( 'year',TIMESTAMP "date") as year,
    amount,
    customer_id,
    type
    FROM public.financial_transactions
)

SELECT year, COUNT(unique_id)
FROM
financial_transactions
  );
[0m22:23:31.309067 [debug] [Thread-1 (]: Postgres adapter: Postgres error: syntax error at or near ""date""
LINE 9:     date_part( 'year',TIMESTAMP "date") as year,
                                        ^

[0m22:23:31.310576 [debug] [Thread-1 (]: On model.de_project.report2: ROLLBACK
[0m22:23:31.311584 [debug] [Thread-1 (]: On model.de_project.report2: Close
[0m22:23:31.317216 [debug] [Thread-1 (]: Database Error in model report2 (models\staging\report2.sql)
  syntax error at or near ""date""
  LINE 9:     date_part( 'year',TIMESTAMP "date") as year,
                                          ^
  compiled code at target\run\de_project\models\staging\report2.sql
[0m22:23:31.319216 [debug] [Thread-1 (]: Sending event: {'category': 'dbt', 'action': 'run_model', 'label': 'e14e724a-e90d-4df7-83e8-bdcce358e5b7', 'context': [<snowplow_tracker.self_describing_json.SelfDescribingJson object at 0x00000229E61C62D0>]}
[0m22:23:31.319216 [error] [Thread-1 (]: 1 of 1 ERROR creating sql view model public.report2 ............................ [[31mERROR[0m in 0.16s]
[0m22:23:31.320723 [debug] [Thread-1 (]: Finished running node model.de_project.report2
[0m22:23:31.320723 [debug] [Thread-7 (]: Marking all children of 'model.de_project.report2' to be skipped because of status 'error'.  Reason: Database Error in model report2 (models\staging\report2.sql)
  syntax error at or near ""date""
  LINE 9:     date_part( 'year',TIMESTAMP "date") as year,
                                          ^
  compiled code at target\run\de_project\models\staging\report2.sql.
[0m22:23:31.324250 [debug] [MainThread]: Using postgres connection "master"
[0m22:23:31.324250 [debug] [MainThread]: On master: BEGIN
[0m22:23:31.324250 [debug] [MainThread]: Opening a new connection, currently in state closed
[0m22:23:31.395498 [debug] [MainThread]: SQL status: BEGIN in 0.070 seconds
[0m22:23:31.396091 [debug] [MainThread]: On master: COMMIT
[0m22:23:31.396091 [debug] [MainThread]: Using postgres connection "master"
[0m22:23:31.396622 [debug] [MainThread]: On master: COMMIT
[0m22:23:31.397662 [debug] [MainThread]: SQL status: COMMIT in 0.001 seconds
[0m22:23:31.398211 [debug] [MainThread]: On master: Close
[0m22:23:31.398741 [debug] [MainThread]: Connection 'master' was properly closed.
[0m22:23:31.399361 [debug] [MainThread]: Connection 'list_warehouse' was properly closed.
[0m22:23:31.399875 [debug] [MainThread]: Connection 'list_warehouse_public' was properly closed.
[0m22:23:31.399875 [debug] [MainThread]: Connection 'model.de_project.report2' was properly closed.
[0m22:23:31.400886 [info ] [MainThread]: 
[0m22:23:31.400886 [info ] [MainThread]: Finished running 1 view model in 0 hours 0 minutes and 0.81 seconds (0.81s).
[0m22:23:31.402088 [debug] [MainThread]: Command end result
[0m22:23:31.432576 [debug] [MainThread]: Wrote artifact WritableManifest to D:\DE\DataTalks\project\de_project\target\manifest.json
[0m22:23:31.435578 [debug] [MainThread]: Wrote artifact SemanticManifest to D:\DE\DataTalks\project\de_project\target\semantic_manifest.json
[0m22:23:31.441597 [debug] [MainThread]: Wrote artifact RunExecutionResult to D:\DE\DataTalks\project\de_project\target\run_results.json
[0m22:23:31.442607 [info ] [MainThread]: 
[0m22:23:31.443231 [info ] [MainThread]: [31mCompleted with 1 error, 0 partial successes, and 0 warnings:[0m
[0m22:23:31.444240 [info ] [MainThread]: 
[0m22:23:31.444240 [error] [MainThread]:   Database Error in model report2 (models\staging\report2.sql)
  syntax error at or near ""date""
  LINE 9:     date_part( 'year',TIMESTAMP "date") as year,
                                          ^
  compiled code at target\run\de_project\models\staging\report2.sql
[0m22:23:31.445242 [info ] [MainThread]: 
[0m22:23:31.446238 [info ] [MainThread]: Done. PASS=0 WARN=0 ERROR=1 SKIP=0 TOTAL=1
[0m22:23:31.447023 [debug] [MainThread]: Command `dbt run` failed at 22:23:31.447023 after 1.91 seconds
[0m22:23:31.447023 [debug] [MainThread]: Sending event: {'category': 'dbt', 'action': 'invocation', 'label': 'end', 'context': [<snowplow_tracker.self_describing_json.SelfDescribingJson object at 0x00000229E3F25FA0>, <snowplow_tracker.self_describing_json.SelfDescribingJson object at 0x00000229E5DE8320>, <snowplow_tracker.self_describing_json.SelfDescribingJson object at 0x00000229E15BE420>]}
[0m22:23:31.448034 [debug] [MainThread]: Flushing usage events
[0m22:23:32.626916 [debug] [MainThread]: An error was encountered while trying to flush usage events
[0m22:24:40.976023 [debug] [MainThread]: Sending event: {'category': 'dbt', 'action': 'invocation', 'label': 'start', 'context': [<snowplow_tracker.self_describing_json.SelfDescribingJson object at 0x000002DA15D0D3D0>, <snowplow_tracker.self_describing_json.SelfDescribingJson object at 0x000002DA15D0E8D0>, <snowplow_tracker.self_describing_json.SelfDescribingJson object at 0x000002DA13369AC0>]}


============================== 22:24:40.981966 | f8883232-af6b-4204-bc31-7a1b1e78eb7a ==============================
[0m22:24:40.981966 [info ] [MainThread]: Running with dbt=1.9.2
[0m22:24:40.981966 [debug] [MainThread]: running dbt with arguments {'printer_width': '80', 'indirect_selection': 'eager', 'log_cache_events': 'False', 'write_json': 'True', 'partial_parse': 'True', 'cache_selected_only': 'False', 'warn_error': 'None', 'version_check': 'True', 'profiles_dir': 'C:\\Users\\MinhThanh\\.dbt', 'log_path': 'D:\\DE\\DataTalks\\project\\de_project\\logs', 'fail_fast': 'False', 'debug': 'False', 'use_colors': 'True', 'use_experimental_parser': 'False', 'empty': 'False', 'quiet': 'False', 'no_print': 'None', 'log_format': 'default', 'introspect': 'True', 'static_parser': 'True', 'invocation_command': 'dbt run --select report2', 'target_path': 'None', 'warn_error_options': 'WarnErrorOptions(include=[], exclude=[])', 'send_anonymous_usage_stats': 'True'}
[0m22:24:41.236759 [debug] [MainThread]: Sending event: {'category': 'dbt', 'action': 'project_id', 'label': 'f8883232-af6b-4204-bc31-7a1b1e78eb7a', 'context': [<snowplow_tracker.self_describing_json.SelfDescribingJson object at 0x000002DA13369AC0>]}
[0m22:24:41.289746 [debug] [MainThread]: Sending event: {'category': 'dbt', 'action': 'adapter_info', 'label': 'f8883232-af6b-4204-bc31-7a1b1e78eb7a', 'context': [<snowplow_tracker.self_describing_json.SelfDescribingJson object at 0x000002DA162509E0>]}
[0m22:24:41.289746 [info ] [MainThread]: Registered adapter: postgres=1.9.0
[0m22:24:41.474291 [debug] [MainThread]: checksum: 12b12750b70de726cfd89136b8e24afc3f3e77597a97bff40ab7e5f9b39d5e18, vars: {}, profile: , target: , version: 1.9.2
[0m22:24:41.602372 [debug] [MainThread]: Partial parsing enabled: 0 files deleted, 0 files added, 1 files changed.
[0m22:24:41.602888 [debug] [MainThread]: Partial parsing: updated file: de_project://models\staging\report2.sql
[0m22:24:41.897688 [debug] [MainThread]: Sending event: {'category': 'dbt', 'action': 'load_project', 'label': 'f8883232-af6b-4204-bc31-7a1b1e78eb7a', 'context': [<snowplow_tracker.self_describing_json.SelfDescribingJson object at 0x000002DA162AC290>]}
[0m22:24:41.971157 [debug] [MainThread]: Wrote artifact WritableManifest to D:\DE\DataTalks\project\de_project\target\manifest.json
[0m22:24:41.974160 [debug] [MainThread]: Wrote artifact SemanticManifest to D:\DE\DataTalks\project\de_project\target\semantic_manifest.json
[0m22:24:41.980758 [debug] [MainThread]: Sending event: {'category': 'dbt', 'action': 'resource_counts', 'label': 'f8883232-af6b-4204-bc31-7a1b1e78eb7a', 'context': [<snowplow_tracker.self_describing_json.SelfDescribingJson object at 0x000002DA1763DA30>]}
[0m22:24:41.993628 [info ] [MainThread]: Found 4 models, 4 data tests, 433 macros
[0m22:24:41.993628 [debug] [MainThread]: Sending event: {'category': 'dbt', 'action': 'runnable_timing', 'label': 'f8883232-af6b-4204-bc31-7a1b1e78eb7a', 'context': [<snowplow_tracker.self_describing_json.SelfDescribingJson object at 0x000002DA1767BB60>]}
[0m22:24:41.993628 [info ] [MainThread]: 
[0m22:24:41.993628 [info ] [MainThread]: Concurrency: 4 threads (target='dev')
[0m22:24:41.993628 [info ] [MainThread]: 
[0m22:24:41.993628 [debug] [MainThread]: Acquiring new postgres connection 'master'
[0m22:24:41.993628 [debug] [ThreadPool]: Acquiring new postgres connection 'list_warehouse'
[0m22:24:42.077148 [debug] [ThreadPool]: Using postgres connection "list_warehouse"
[0m22:24:42.077676 [debug] [ThreadPool]: On list_warehouse: /* {"app": "dbt", "dbt_version": "1.9.2", "profile_name": "de_project", "target_name": "dev", "connection_name": "list_warehouse"} */

    select distinct nspname from pg_namespace
  
[0m22:24:42.079042 [debug] [ThreadPool]: Opening a new connection, currently in state init
[0m22:24:42.144081 [debug] [ThreadPool]: SQL status: SELECT 4 in 0.070 seconds
[0m22:24:42.144081 [debug] [ThreadPool]: On list_warehouse: Close
[0m22:24:42.154044 [debug] [ThreadPool]: Acquiring new postgres connection 'list_warehouse_public'
[0m22:24:42.166199 [debug] [ThreadPool]: Using postgres connection "list_warehouse_public"
[0m22:24:42.166199 [debug] [ThreadPool]: On list_warehouse_public: BEGIN
[0m22:24:42.166199 [debug] [ThreadPool]: Opening a new connection, currently in state init
[0m22:24:42.207867 [debug] [ThreadPool]: SQL status: BEGIN in 0.052 seconds
[0m22:24:42.207867 [debug] [ThreadPool]: Using postgres connection "list_warehouse_public"
[0m22:24:42.207867 [debug] [ThreadPool]: On list_warehouse_public: /* {"app": "dbt", "dbt_version": "1.9.2", "profile_name": "de_project", "target_name": "dev", "connection_name": "list_warehouse_public"} */
select
      'warehouse' as database,
      tablename as name,
      schemaname as schema,
      'table' as type
    from pg_tables
    where schemaname ilike 'public'
    union all
    select
      'warehouse' as database,
      viewname as name,
      schemaname as schema,
      'view' as type
    from pg_views
    where schemaname ilike 'public'
    union all
    select
      'warehouse' as database,
      matviewname as name,
      schemaname as schema,
      'materialized_view' as type
    from pg_matviews
    where schemaname ilike 'public'
  
[0m22:24:42.223690 [debug] [ThreadPool]: SQL status: SELECT 4 in 0.006 seconds
[0m22:24:42.223690 [debug] [ThreadPool]: On list_warehouse_public: ROLLBACK
[0m22:24:42.229694 [debug] [ThreadPool]: On list_warehouse_public: Close
[0m22:24:42.234695 [debug] [MainThread]: Using postgres connection "master"
[0m22:24:42.235699 [debug] [MainThread]: On master: BEGIN
[0m22:24:42.235699 [debug] [MainThread]: Opening a new connection, currently in state init
[0m22:24:42.289601 [debug] [MainThread]: SQL status: BEGIN in 0.053 seconds
[0m22:24:42.289601 [debug] [MainThread]: Using postgres connection "master"
[0m22:24:42.289601 [debug] [MainThread]: On master: /* {"app": "dbt", "dbt_version": "1.9.2", "profile_name": "de_project", "target_name": "dev", "connection_name": "master"} */
with relation as (
        select
            pg_rewrite.ev_class as class,
            pg_rewrite.oid as id
        from pg_rewrite
    ),
    class as (
        select
            oid as id,
            relname as name,
            relnamespace as schema,
            relkind as kind
        from pg_class
    ),
    dependency as (
        select distinct
            pg_depend.objid as id,
            pg_depend.refobjid as ref
        from pg_depend
    ),
    schema as (
        select
            pg_namespace.oid as id,
            pg_namespace.nspname as name
        from pg_namespace
        where nspname != 'information_schema' and nspname not like 'pg\_%'
    ),
    referenced as (
        select
            relation.id AS id,
            referenced_class.name ,
            referenced_class.schema ,
            referenced_class.kind
        from relation
        join class as referenced_class on relation.class=referenced_class.id
        where referenced_class.kind in ('r', 'v', 'm')
    ),
    relationships as (
        select
            referenced.name as referenced_name,
            referenced.schema as referenced_schema_id,
            dependent_class.name as dependent_name,
            dependent_class.schema as dependent_schema_id,
            referenced.kind as kind
        from referenced
        join dependency on referenced.id=dependency.id
        join class as dependent_class on dependency.ref=dependent_class.id
        where
            (referenced.name != dependent_class.name or
             referenced.schema != dependent_class.schema)
    )

    select
        referenced_schema.name as referenced_schema,
        relationships.referenced_name as referenced_name,
        dependent_schema.name as dependent_schema,
        relationships.dependent_name as dependent_name
    from relationships
    join schema as dependent_schema on relationships.dependent_schema_id=dependent_schema.id
    join schema as referenced_schema on relationships.referenced_schema_id=referenced_schema.id
    group by referenced_schema, referenced_name, dependent_schema, dependent_name
    order by referenced_schema, referenced_name, dependent_schema, dependent_name;
[0m22:24:42.295161 [debug] [MainThread]: SQL status: SELECT 2 in 0.008 seconds
[0m22:24:42.295161 [debug] [MainThread]: Sending event: {'category': 'dbt', 'action': 'runnable_timing', 'label': 'f8883232-af6b-4204-bc31-7a1b1e78eb7a', 'context': [<snowplow_tracker.self_describing_json.SelfDescribingJson object at 0x000002DA17AF9820>]}
[0m22:24:42.295161 [debug] [MainThread]: On master: ROLLBACK
[0m22:24:42.295161 [debug] [MainThread]: Using postgres connection "master"
[0m22:24:42.295161 [debug] [MainThread]: On master: BEGIN
[0m22:24:42.295161 [debug] [MainThread]: SQL status: BEGIN in 0.001 seconds
[0m22:24:42.295161 [debug] [MainThread]: On master: COMMIT
[0m22:24:42.295161 [debug] [MainThread]: Using postgres connection "master"
[0m22:24:42.295161 [debug] [MainThread]: On master: COMMIT
[0m22:24:42.295161 [debug] [MainThread]: SQL status: COMMIT in 0.001 seconds
[0m22:24:42.295161 [debug] [MainThread]: On master: Close
[0m22:24:42.308305 [debug] [Thread-1 (]: Began running node model.de_project.report2
[0m22:24:42.308305 [info ] [Thread-1 (]: 1 of 1 START sql view model public.report2 ..................................... [RUN]
[0m22:24:42.310314 [debug] [Thread-1 (]: Acquiring new postgres connection 'model.de_project.report2'
[0m22:24:42.310314 [debug] [Thread-1 (]: Began compiling node model.de_project.report2
[0m22:24:42.310314 [debug] [Thread-1 (]: Writing injected SQL for node "model.de_project.report2"
[0m22:24:42.310314 [debug] [Thread-1 (]: Began executing node model.de_project.report2
[0m22:24:42.352132 [debug] [Thread-1 (]: Writing runtime sql for node "model.de_project.report2"
[0m22:24:42.352132 [debug] [Thread-1 (]: Using postgres connection "model.de_project.report2"
[0m22:24:42.354137 [debug] [Thread-1 (]: On model.de_project.report2: BEGIN
[0m22:24:42.354137 [debug] [Thread-1 (]: Opening a new connection, currently in state init
[0m22:24:42.410407 [debug] [Thread-1 (]: SQL status: BEGIN in 0.056 seconds
[0m22:24:42.410407 [debug] [Thread-1 (]: Using postgres connection "model.de_project.report2"
[0m22:24:42.411435 [debug] [Thread-1 (]: On model.de_project.report2: /* {"app": "dbt", "dbt_version": "1.9.2", "profile_name": "de_project", "target_name": "dev", "node_id": "model.de_project.report2"} */

  create view "warehouse"."public"."report2__dbt_tmp"
    
    
  as (
    WITH financial_transactions_by_years as (
    SELECT unique_id,
    date_part( 'year',"date") as year,
    amount,
    customer_id,
    type
    FROM public.financial_transactions
)

SELECT year, COUNT(unique_id)
FROM
financial_transactions
  );
[0m22:24:42.413437 [debug] [Thread-1 (]: Postgres adapter: Postgres error: column "year" does not exist
LINE 16: SELECT year, COUNT(unique_id)
                ^

[0m22:24:42.414434 [debug] [Thread-1 (]: On model.de_project.report2: ROLLBACK
[0m22:24:42.415408 [debug] [Thread-1 (]: On model.de_project.report2: Close
[0m22:24:42.420409 [debug] [Thread-1 (]: Database Error in model report2 (models\staging\report2.sql)
  column "year" does not exist
  LINE 16: SELECT year, COUNT(unique_id)
                  ^
  compiled code at target\run\de_project\models\staging\report2.sql
[0m22:24:42.422426 [debug] [Thread-1 (]: Sending event: {'category': 'dbt', 'action': 'run_model', 'label': 'f8883232-af6b-4204-bc31-7a1b1e78eb7a', 'context': [<snowplow_tracker.self_describing_json.SelfDescribingJson object at 0x000002DA162AF470>]}
[0m22:24:42.422426 [error] [Thread-1 (]: 1 of 1 ERROR creating sql view model public.report2 ............................ [[31mERROR[0m in 0.11s]
[0m22:24:42.423411 [debug] [Thread-1 (]: Finished running node model.de_project.report2
[0m22:24:42.424410 [debug] [Thread-7 (]: Marking all children of 'model.de_project.report2' to be skipped because of status 'error'.  Reason: Database Error in model report2 (models\staging\report2.sql)
  column "year" does not exist
  LINE 16: SELECT year, COUNT(unique_id)
                  ^
  compiled code at target\run\de_project\models\staging\report2.sql.
[0m22:24:42.425432 [debug] [MainThread]: Using postgres connection "master"
[0m22:24:42.426412 [debug] [MainThread]: On master: BEGIN
[0m22:24:42.426412 [debug] [MainThread]: Opening a new connection, currently in state closed
[0m22:24:42.511268 [debug] [MainThread]: SQL status: BEGIN in 0.085 seconds
[0m22:24:42.512274 [debug] [MainThread]: On master: COMMIT
[0m22:24:42.512274 [debug] [MainThread]: Using postgres connection "master"
[0m22:24:42.512274 [debug] [MainThread]: On master: COMMIT
[0m22:24:42.512274 [debug] [MainThread]: SQL status: COMMIT in 0.001 seconds
[0m22:24:42.512274 [debug] [MainThread]: On master: Close
[0m22:24:42.512274 [debug] [MainThread]: Connection 'master' was properly closed.
[0m22:24:42.512274 [debug] [MainThread]: Connection 'list_warehouse' was properly closed.
[0m22:24:42.512274 [debug] [MainThread]: Connection 'list_warehouse_public' was properly closed.
[0m22:24:42.512274 [debug] [MainThread]: Connection 'model.de_project.report2' was properly closed.
[0m22:24:42.512274 [info ] [MainThread]: 
[0m22:24:42.512274 [info ] [MainThread]: Finished running 1 view model in 0 hours 0 minutes and 0.52 seconds (0.52s).
[0m22:24:42.512274 [debug] [MainThread]: Command end result
[0m22:24:42.545925 [debug] [MainThread]: Wrote artifact WritableManifest to D:\DE\DataTalks\project\de_project\target\manifest.json
[0m22:24:42.549498 [debug] [MainThread]: Wrote artifact SemanticManifest to D:\DE\DataTalks\project\de_project\target\semantic_manifest.json
[0m22:24:42.549498 [debug] [MainThread]: Wrote artifact RunExecutionResult to D:\DE\DataTalks\project\de_project\target\run_results.json
[0m22:24:42.549498 [info ] [MainThread]: 
[0m22:24:42.549498 [info ] [MainThread]: [31mCompleted with 1 error, 0 partial successes, and 0 warnings:[0m
[0m22:24:42.557223 [info ] [MainThread]: 
[0m22:24:42.557223 [error] [MainThread]:   Database Error in model report2 (models\staging\report2.sql)
  column "year" does not exist
  LINE 16: SELECT year, COUNT(unique_id)
                  ^
  compiled code at target\run\de_project\models\staging\report2.sql
[0m22:24:42.557223 [info ] [MainThread]: 
[0m22:24:42.557223 [info ] [MainThread]: Done. PASS=0 WARN=0 ERROR=1 SKIP=0 TOTAL=1
[0m22:24:42.557223 [debug] [MainThread]: Command `dbt run` failed at 22:24:42.557223 after 1.87 seconds
[0m22:24:42.557223 [debug] [MainThread]: Sending event: {'category': 'dbt', 'action': 'invocation', 'label': 'end', 'context': [<snowplow_tracker.self_describing_json.SelfDescribingJson object at 0x000002DA1774FFE0>, <snowplow_tracker.self_describing_json.SelfDescribingJson object at 0x000002DA176CBFB0>, <snowplow_tracker.self_describing_json.SelfDescribingJson object at 0x000002DA1761DDF0>]}
[0m22:24:42.561627 [debug] [MainThread]: Flushing usage events
[0m22:24:43.727779 [debug] [MainThread]: An error was encountered while trying to flush usage events
[0m22:25:00.939557 [debug] [MainThread]: Sending event: {'category': 'dbt', 'action': 'invocation', 'label': 'start', 'context': [<snowplow_tracker.self_describing_json.SelfDescribingJson object at 0x000002D42E40E090>, <snowplow_tracker.self_describing_json.SelfDescribingJson object at 0x000002D42A008DA0>, <snowplow_tracker.self_describing_json.SelfDescribingJson object at 0x000002D42BB13EC0>]}


============================== 22:25:00.946611 | df4429a3-e7e1-4cb5-9d8d-ecca97b93771 ==============================
[0m22:25:00.946611 [info ] [MainThread]: Running with dbt=1.9.2
[0m22:25:00.946611 [debug] [MainThread]: running dbt with arguments {'printer_width': '80', 'indirect_selection': 'eager', 'write_json': 'True', 'log_cache_events': 'False', 'partial_parse': 'True', 'cache_selected_only': 'False', 'warn_error': 'None', 'debug': 'False', 'version_check': 'True', 'log_path': 'D:\\DE\\DataTalks\\project\\de_project\\logs', 'fail_fast': 'False', 'profiles_dir': 'C:\\Users\\MinhThanh\\.dbt', 'use_colors': 'True', 'use_experimental_parser': 'False', 'no_print': 'None', 'quiet': 'False', 'empty': 'False', 'log_format': 'default', 'invocation_command': 'dbt run --select report2', 'introspect': 'True', 'warn_error_options': 'WarnErrorOptions(include=[], exclude=[])', 'target_path': 'None', 'static_parser': 'True', 'send_anonymous_usage_stats': 'True'}
[0m22:25:01.189970 [debug] [MainThread]: Sending event: {'category': 'dbt', 'action': 'project_id', 'label': 'df4429a3-e7e1-4cb5-9d8d-ecca97b93771', 'context': [<snowplow_tracker.self_describing_json.SelfDescribingJson object at 0x000002D42E454290>]}
[0m22:25:01.246316 [debug] [MainThread]: Sending event: {'category': 'dbt', 'action': 'adapter_info', 'label': 'df4429a3-e7e1-4cb5-9d8d-ecca97b93771', 'context': [<snowplow_tracker.self_describing_json.SelfDescribingJson object at 0x000002D42DE18230>]}
[0m22:25:01.247527 [info ] [MainThread]: Registered adapter: postgres=1.9.0
[0m22:25:01.412283 [debug] [MainThread]: checksum: 12b12750b70de726cfd89136b8e24afc3f3e77597a97bff40ab7e5f9b39d5e18, vars: {}, profile: , target: , version: 1.9.2
[0m22:25:01.508126 [debug] [MainThread]: Partial parsing enabled: 0 files deleted, 0 files added, 1 files changed.
[0m22:25:01.508126 [debug] [MainThread]: Partial parsing: updated file: de_project://models\staging\report2.sql
[0m22:25:01.796634 [debug] [MainThread]: Sending event: {'category': 'dbt', 'action': 'load_project', 'label': 'df4429a3-e7e1-4cb5-9d8d-ecca97b93771', 'context': [<snowplow_tracker.self_describing_json.SelfDescribingJson object at 0x000002D42FDAB080>]}
[0m22:25:01.867598 [debug] [MainThread]: Wrote artifact WritableManifest to D:\DE\DataTalks\project\de_project\target\manifest.json
[0m22:25:01.871281 [debug] [MainThread]: Wrote artifact SemanticManifest to D:\DE\DataTalks\project\de_project\target\semantic_manifest.json
[0m22:25:01.893050 [debug] [MainThread]: Sending event: {'category': 'dbt', 'action': 'resource_counts', 'label': 'df4429a3-e7e1-4cb5-9d8d-ecca97b93771', 'context': [<snowplow_tracker.self_describing_json.SelfDescribingJson object at 0x000002D42FE8BF50>]}
[0m22:25:01.894053 [info ] [MainThread]: Found 4 models, 4 data tests, 433 macros
[0m22:25:01.894876 [debug] [MainThread]: Sending event: {'category': 'dbt', 'action': 'runnable_timing', 'label': 'df4429a3-e7e1-4cb5-9d8d-ecca97b93771', 'context': [<snowplow_tracker.self_describing_json.SelfDescribingJson object at 0x000002D42FD234D0>]}
[0m22:25:01.896922 [info ] [MainThread]: 
[0m22:25:01.897921 [info ] [MainThread]: Concurrency: 4 threads (target='dev')
[0m22:25:01.897921 [info ] [MainThread]: 
[0m22:25:01.898922 [debug] [MainThread]: Acquiring new postgres connection 'master'
[0m22:25:01.899931 [debug] [ThreadPool]: Acquiring new postgres connection 'list_warehouse'
[0m22:25:01.970876 [debug] [ThreadPool]: Using postgres connection "list_warehouse"
[0m22:25:01.970876 [debug] [ThreadPool]: On list_warehouse: /* {"app": "dbt", "dbt_version": "1.9.2", "profile_name": "de_project", "target_name": "dev", "connection_name": "list_warehouse"} */

    select distinct nspname from pg_namespace
  
[0m22:25:01.970876 [debug] [ThreadPool]: Opening a new connection, currently in state init
[0m22:25:02.045149 [debug] [ThreadPool]: SQL status: SELECT 4 in 0.073 seconds
[0m22:25:02.050170 [debug] [ThreadPool]: On list_warehouse: Close
[0m22:25:02.059030 [debug] [ThreadPool]: Acquiring new postgres connection 'list_warehouse_public'
[0m22:25:02.069494 [debug] [ThreadPool]: Using postgres connection "list_warehouse_public"
[0m22:25:02.069494 [debug] [ThreadPool]: On list_warehouse_public: BEGIN
[0m22:25:02.069494 [debug] [ThreadPool]: Opening a new connection, currently in state init
[0m22:25:02.128170 [debug] [ThreadPool]: SQL status: BEGIN in 0.063 seconds
[0m22:25:02.128170 [debug] [ThreadPool]: Using postgres connection "list_warehouse_public"
[0m22:25:02.128170 [debug] [ThreadPool]: On list_warehouse_public: /* {"app": "dbt", "dbt_version": "1.9.2", "profile_name": "de_project", "target_name": "dev", "connection_name": "list_warehouse_public"} */
select
      'warehouse' as database,
      tablename as name,
      schemaname as schema,
      'table' as type
    from pg_tables
    where schemaname ilike 'public'
    union all
    select
      'warehouse' as database,
      viewname as name,
      schemaname as schema,
      'view' as type
    from pg_views
    where schemaname ilike 'public'
    union all
    select
      'warehouse' as database,
      matviewname as name,
      schemaname as schema,
      'materialized_view' as type
    from pg_matviews
    where schemaname ilike 'public'
  
[0m22:25:02.141455 [debug] [ThreadPool]: SQL status: SELECT 4 in 0.006 seconds
[0m22:25:02.141455 [debug] [ThreadPool]: On list_warehouse_public: ROLLBACK
[0m22:25:02.141455 [debug] [ThreadPool]: On list_warehouse_public: Close
[0m22:25:02.153209 [debug] [MainThread]: Using postgres connection "master"
[0m22:25:02.153209 [debug] [MainThread]: On master: BEGIN
[0m22:25:02.153209 [debug] [MainThread]: Opening a new connection, currently in state init
[0m22:25:02.221107 [debug] [MainThread]: SQL status: BEGIN in 0.068 seconds
[0m22:25:02.222110 [debug] [MainThread]: Using postgres connection "master"
[0m22:25:02.222110 [debug] [MainThread]: On master: /* {"app": "dbt", "dbt_version": "1.9.2", "profile_name": "de_project", "target_name": "dev", "connection_name": "master"} */
with relation as (
        select
            pg_rewrite.ev_class as class,
            pg_rewrite.oid as id
        from pg_rewrite
    ),
    class as (
        select
            oid as id,
            relname as name,
            relnamespace as schema,
            relkind as kind
        from pg_class
    ),
    dependency as (
        select distinct
            pg_depend.objid as id,
            pg_depend.refobjid as ref
        from pg_depend
    ),
    schema as (
        select
            pg_namespace.oid as id,
            pg_namespace.nspname as name
        from pg_namespace
        where nspname != 'information_schema' and nspname not like 'pg\_%'
    ),
    referenced as (
        select
            relation.id AS id,
            referenced_class.name ,
            referenced_class.schema ,
            referenced_class.kind
        from relation
        join class as referenced_class on relation.class=referenced_class.id
        where referenced_class.kind in ('r', 'v', 'm')
    ),
    relationships as (
        select
            referenced.name as referenced_name,
            referenced.schema as referenced_schema_id,
            dependent_class.name as dependent_name,
            dependent_class.schema as dependent_schema_id,
            referenced.kind as kind
        from referenced
        join dependency on referenced.id=dependency.id
        join class as dependent_class on dependency.ref=dependent_class.id
        where
            (referenced.name != dependent_class.name or
             referenced.schema != dependent_class.schema)
    )

    select
        referenced_schema.name as referenced_schema,
        relationships.referenced_name as referenced_name,
        dependent_schema.name as dependent_schema,
        relationships.dependent_name as dependent_name
    from relationships
    join schema as dependent_schema on relationships.dependent_schema_id=dependent_schema.id
    join schema as referenced_schema on relationships.referenced_schema_id=referenced_schema.id
    group by referenced_schema, referenced_name, dependent_schema, dependent_name
    order by referenced_schema, referenced_name, dependent_schema, dependent_name;
[0m22:25:02.232851 [debug] [MainThread]: SQL status: SELECT 2 in 0.010 seconds
[0m22:25:02.234130 [debug] [MainThread]: Sending event: {'category': 'dbt', 'action': 'runnable_timing', 'label': 'df4429a3-e7e1-4cb5-9d8d-ecca97b93771', 'context': [<snowplow_tracker.self_describing_json.SelfDescribingJson object at 0x000002D4302297C0>]}
[0m22:25:02.234130 [debug] [MainThread]: On master: ROLLBACK
[0m22:25:02.236126 [debug] [MainThread]: Using postgres connection "master"
[0m22:25:02.236126 [debug] [MainThread]: On master: BEGIN
[0m22:25:02.238123 [debug] [MainThread]: SQL status: BEGIN in 0.002 seconds
[0m22:25:02.239126 [debug] [MainThread]: On master: COMMIT
[0m22:25:02.240124 [debug] [MainThread]: Using postgres connection "master"
[0m22:25:02.240124 [debug] [MainThread]: On master: COMMIT
[0m22:25:02.242080 [debug] [MainThread]: SQL status: COMMIT in 0.001 seconds
[0m22:25:02.242080 [debug] [MainThread]: On master: Close
[0m22:25:02.245985 [debug] [Thread-1 (]: Began running node model.de_project.report2
[0m22:25:02.247172 [info ] [Thread-1 (]: 1 of 1 START sql view model public.report2 ..................................... [RUN]
[0m22:25:02.248979 [debug] [Thread-1 (]: Acquiring new postgres connection 'model.de_project.report2'
[0m22:25:02.250127 [debug] [Thread-1 (]: Began compiling node model.de_project.report2
[0m22:25:02.258611 [debug] [Thread-1 (]: Writing injected SQL for node "model.de_project.report2"
[0m22:25:02.259611 [debug] [Thread-1 (]: Began executing node model.de_project.report2
[0m22:25:02.307393 [debug] [Thread-1 (]: Writing runtime sql for node "model.de_project.report2"
[0m22:25:02.308389 [debug] [Thread-1 (]: Using postgres connection "model.de_project.report2"
[0m22:25:02.308389 [debug] [Thread-1 (]: On model.de_project.report2: BEGIN
[0m22:25:02.308389 [debug] [Thread-1 (]: Opening a new connection, currently in state init
[0m22:25:02.377063 [debug] [Thread-1 (]: SQL status: BEGIN in 0.068 seconds
[0m22:25:02.378358 [debug] [Thread-1 (]: Using postgres connection "model.de_project.report2"
[0m22:25:02.378358 [debug] [Thread-1 (]: On model.de_project.report2: /* {"app": "dbt", "dbt_version": "1.9.2", "profile_name": "de_project", "target_name": "dev", "node_id": "model.de_project.report2"} */

  create view "warehouse"."public"."report2__dbt_tmp"
    
    
  as (
    WITH financial_transactions_by_years as (
    SELECT unique_id,
    date_part( 'year',"date") as year,
    amount,
    customer_id,
    type
    FROM public.financial_transactions
)

SELECT year, COUNT(unique_id)
FROM
financial_transactions_by_years
  );
[0m22:25:02.380367 [debug] [Thread-1 (]: Postgres adapter: Postgres error: column "financial_transactions_by_years.year" must appear in the GROUP BY clause or be used in an aggregate function
LINE 16: SELECT year, COUNT(unique_id)
                ^

[0m22:25:02.381370 [debug] [Thread-1 (]: On model.de_project.report2: ROLLBACK
[0m22:25:02.382364 [debug] [Thread-1 (]: On model.de_project.report2: Close
[0m22:25:02.387371 [debug] [Thread-1 (]: Database Error in model report2 (models\staging\report2.sql)
  column "financial_transactions_by_years.year" must appear in the GROUP BY clause or be used in an aggregate function
  LINE 16: SELECT year, COUNT(unique_id)
                  ^
  compiled code at target\run\de_project\models\staging\report2.sql
[0m22:25:02.390365 [debug] [Thread-1 (]: Sending event: {'category': 'dbt', 'action': 'run_model', 'label': 'df4429a3-e7e1-4cb5-9d8d-ecca97b93771', 'context': [<snowplow_tracker.self_describing_json.SelfDescribingJson object at 0x000002D43010C140>]}
[0m22:25:02.391366 [error] [Thread-1 (]: 1 of 1 ERROR creating sql view model public.report2 ............................ [[31mERROR[0m in 0.14s]
[0m22:25:02.392366 [debug] [Thread-1 (]: Finished running node model.de_project.report2
[0m22:25:02.393365 [debug] [Thread-7 (]: Marking all children of 'model.de_project.report2' to be skipped because of status 'error'.  Reason: Database Error in model report2 (models\staging\report2.sql)
  column "financial_transactions_by_years.year" must appear in the GROUP BY clause or be used in an aggregate function
  LINE 16: SELECT year, COUNT(unique_id)
                  ^
  compiled code at target\run\de_project\models\staging\report2.sql.
[0m22:25:02.396392 [debug] [MainThread]: Using postgres connection "master"
[0m22:25:02.396392 [debug] [MainThread]: On master: BEGIN
[0m22:25:02.397380 [debug] [MainThread]: Opening a new connection, currently in state closed
[0m22:25:02.463461 [debug] [MainThread]: SQL status: BEGIN in 0.066 seconds
[0m22:25:02.464456 [debug] [MainThread]: On master: COMMIT
[0m22:25:02.464456 [debug] [MainThread]: Using postgres connection "master"
[0m22:25:02.464456 [debug] [MainThread]: On master: COMMIT
[0m22:25:02.466453 [debug] [MainThread]: SQL status: COMMIT in 0.001 seconds
[0m22:25:02.466453 [debug] [MainThread]: On master: Close
[0m22:25:02.468458 [debug] [MainThread]: Connection 'master' was properly closed.
[0m22:25:02.468458 [debug] [MainThread]: Connection 'list_warehouse' was properly closed.
[0m22:25:02.469459 [debug] [MainThread]: Connection 'list_warehouse_public' was properly closed.
[0m22:25:02.469459 [debug] [MainThread]: Connection 'model.de_project.report2' was properly closed.
[0m22:25:02.470459 [info ] [MainThread]: 
[0m22:25:02.470459 [info ] [MainThread]: Finished running 1 view model in 0 hours 0 minutes and 0.57 seconds (0.57s).
[0m22:25:02.471460 [debug] [MainThread]: Command end result
[0m22:25:02.493840 [debug] [MainThread]: Wrote artifact WritableManifest to D:\DE\DataTalks\project\de_project\target\manifest.json
[0m22:25:02.496376 [debug] [MainThread]: Wrote artifact SemanticManifest to D:\DE\DataTalks\project\de_project\target\semantic_manifest.json
[0m22:25:02.500132 [debug] [MainThread]: Wrote artifact RunExecutionResult to D:\DE\DataTalks\project\de_project\target\run_results.json
[0m22:25:02.500132 [info ] [MainThread]: 
[0m22:25:02.500132 [info ] [MainThread]: [31mCompleted with 1 error, 0 partial successes, and 0 warnings:[0m
[0m22:25:02.500132 [info ] [MainThread]: 
[0m22:25:02.500132 [error] [MainThread]:   Database Error in model report2 (models\staging\report2.sql)
  column "financial_transactions_by_years.year" must appear in the GROUP BY clause or be used in an aggregate function
  LINE 16: SELECT year, COUNT(unique_id)
                  ^
  compiled code at target\run\de_project\models\staging\report2.sql
[0m22:25:02.500132 [info ] [MainThread]: 
[0m22:25:02.500132 [info ] [MainThread]: Done. PASS=0 WARN=0 ERROR=1 SKIP=0 TOTAL=1
[0m22:25:02.500132 [debug] [MainThread]: Command `dbt run` failed at 22:25:02.500132 after 1.82 seconds
[0m22:25:02.510837 [debug] [MainThread]: Sending event: {'category': 'dbt', 'action': 'invocation', 'label': 'end', 'context': [<snowplow_tracker.self_describing_json.SelfDescribingJson object at 0x000002D42E116F00>, <snowplow_tracker.self_describing_json.SelfDescribingJson object at 0x000002D42DF79010>, <snowplow_tracker.self_describing_json.SelfDescribingJson object at 0x000002D42DF7A360>]}
[0m22:25:02.511889 [debug] [MainThread]: Flushing usage events
[0m22:25:03.749922 [debug] [MainThread]: An error was encountered while trying to flush usage events
[0m22:25:45.033625 [debug] [MainThread]: Sending event: {'category': 'dbt', 'action': 'invocation', 'label': 'start', 'context': [<snowplow_tracker.self_describing_json.SelfDescribingJson object at 0x0000029B76A1D370>, <snowplow_tracker.self_describing_json.SelfDescribingJson object at 0x0000029B7476CDA0>, <snowplow_tracker.self_describing_json.SelfDescribingJson object at 0x0000029B76A1C230>]}


============================== 22:25:45.033625 | 4ac5910b-27e9-4651-ade0-7d0f2aef72e9 ==============================
[0m22:25:45.033625 [info ] [MainThread]: Running with dbt=1.9.2
[0m22:25:45.033625 [debug] [MainThread]: running dbt with arguments {'printer_width': '80', 'indirect_selection': 'eager', 'log_cache_events': 'False', 'write_json': 'True', 'partial_parse': 'True', 'cache_selected_only': 'False', 'profiles_dir': 'C:\\Users\\MinhThanh\\.dbt', 'fail_fast': 'False', 'warn_error': 'None', 'log_path': 'D:\\DE\\DataTalks\\project\\de_project\\logs', 'version_check': 'True', 'debug': 'False', 'use_colors': 'True', 'use_experimental_parser': 'False', 'no_print': 'None', 'quiet': 'False', 'empty': 'False', 'warn_error_options': 'WarnErrorOptions(include=[], exclude=[])', 'static_parser': 'True', 'log_format': 'default', 'invocation_command': 'dbt run --select report2', 'target_path': 'None', 'introspect': 'True', 'send_anonymous_usage_stats': 'True'}
[0m22:25:45.205439 [debug] [MainThread]: Sending event: {'category': 'dbt', 'action': 'project_id', 'label': '4ac5910b-27e9-4651-ade0-7d0f2aef72e9', 'context': [<snowplow_tracker.self_describing_json.SelfDescribingJson object at 0x0000029B76F0F140>]}
[0m22:25:45.271600 [debug] [MainThread]: Sending event: {'category': 'dbt', 'action': 'adapter_info', 'label': '4ac5910b-27e9-4651-ade0-7d0f2aef72e9', 'context': [<snowplow_tracker.self_describing_json.SelfDescribingJson object at 0x0000029B76A1D520>]}
[0m22:25:45.271600 [info ] [MainThread]: Registered adapter: postgres=1.9.0
[0m22:25:45.438254 [debug] [MainThread]: checksum: 12b12750b70de726cfd89136b8e24afc3f3e77597a97bff40ab7e5f9b39d5e18, vars: {}, profile: , target: , version: 1.9.2
[0m22:25:45.537231 [debug] [MainThread]: Partial parsing enabled: 0 files deleted, 0 files added, 1 files changed.
[0m22:25:45.537231 [debug] [MainThread]: Partial parsing: updated file: de_project://models\staging\report2.sql
[0m22:25:45.824949 [debug] [MainThread]: Sending event: {'category': 'dbt', 'action': 'load_project', 'label': '4ac5910b-27e9-4651-ade0-7d0f2aef72e9', 'context': [<snowplow_tracker.self_describing_json.SelfDescribingJson object at 0x0000029B782FEB40>]}
[0m22:25:45.904913 [debug] [MainThread]: Wrote artifact WritableManifest to D:\DE\DataTalks\project\de_project\target\manifest.json
[0m22:25:45.906913 [debug] [MainThread]: Wrote artifact SemanticManifest to D:\DE\DataTalks\project\de_project\target\semantic_manifest.json
[0m22:25:45.924923 [debug] [MainThread]: Sending event: {'category': 'dbt', 'action': 'resource_counts', 'label': '4ac5910b-27e9-4651-ade0-7d0f2aef72e9', 'context': [<snowplow_tracker.self_describing_json.SelfDescribingJson object at 0x0000029B7841FEC0>]}
[0m22:25:45.926929 [info ] [MainThread]: Found 4 models, 4 data tests, 433 macros
[0m22:25:45.926929 [debug] [MainThread]: Sending event: {'category': 'dbt', 'action': 'runnable_timing', 'label': '4ac5910b-27e9-4651-ade0-7d0f2aef72e9', 'context': [<snowplow_tracker.self_describing_json.SelfDescribingJson object at 0x0000029B7718F290>]}
[0m22:25:45.926929 [info ] [MainThread]: 
[0m22:25:45.929747 [info ] [MainThread]: Concurrency: 4 threads (target='dev')
[0m22:25:45.929747 [info ] [MainThread]: 
[0m22:25:45.929747 [debug] [MainThread]: Acquiring new postgres connection 'master'
[0m22:25:45.929747 [debug] [ThreadPool]: Acquiring new postgres connection 'list_warehouse'
[0m22:25:46.002860 [debug] [ThreadPool]: Using postgres connection "list_warehouse"
[0m22:25:46.003861 [debug] [ThreadPool]: On list_warehouse: /* {"app": "dbt", "dbt_version": "1.9.2", "profile_name": "de_project", "target_name": "dev", "connection_name": "list_warehouse"} */

    select distinct nspname from pg_namespace
  
[0m22:25:46.003861 [debug] [ThreadPool]: Opening a new connection, currently in state init
[0m22:25:46.071601 [debug] [ThreadPool]: SQL status: SELECT 4 in 0.068 seconds
[0m22:25:46.074208 [debug] [ThreadPool]: On list_warehouse: Close
[0m22:25:46.079267 [debug] [ThreadPool]: Acquiring new postgres connection 'list_warehouse_public'
[0m22:25:46.087335 [debug] [ThreadPool]: Using postgres connection "list_warehouse_public"
[0m22:25:46.087335 [debug] [ThreadPool]: On list_warehouse_public: BEGIN
[0m22:25:46.087335 [debug] [ThreadPool]: Opening a new connection, currently in state init
[0m22:25:46.150109 [debug] [ThreadPool]: SQL status: BEGIN in 0.062 seconds
[0m22:25:46.150109 [debug] [ThreadPool]: Using postgres connection "list_warehouse_public"
[0m22:25:46.150109 [debug] [ThreadPool]: On list_warehouse_public: /* {"app": "dbt", "dbt_version": "1.9.2", "profile_name": "de_project", "target_name": "dev", "connection_name": "list_warehouse_public"} */
select
      'warehouse' as database,
      tablename as name,
      schemaname as schema,
      'table' as type
    from pg_tables
    where schemaname ilike 'public'
    union all
    select
      'warehouse' as database,
      viewname as name,
      schemaname as schema,
      'view' as type
    from pg_views
    where schemaname ilike 'public'
    union all
    select
      'warehouse' as database,
      matviewname as name,
      schemaname as schema,
      'materialized_view' as type
    from pg_matviews
    where schemaname ilike 'public'
  
[0m22:25:46.155950 [debug] [ThreadPool]: SQL status: SELECT 4 in 0.006 seconds
[0m22:25:46.155950 [debug] [ThreadPool]: On list_warehouse_public: ROLLBACK
[0m22:25:46.160144 [debug] [ThreadPool]: On list_warehouse_public: Close
[0m22:25:46.167853 [debug] [MainThread]: Using postgres connection "master"
[0m22:25:46.167853 [debug] [MainThread]: On master: BEGIN
[0m22:25:46.169862 [debug] [MainThread]: Opening a new connection, currently in state init
[0m22:25:46.228477 [debug] [MainThread]: SQL status: BEGIN in 0.062 seconds
[0m22:25:46.228477 [debug] [MainThread]: Using postgres connection "master"
[0m22:25:46.228477 [debug] [MainThread]: On master: /* {"app": "dbt", "dbt_version": "1.9.2", "profile_name": "de_project", "target_name": "dev", "connection_name": "master"} */
with relation as (
        select
            pg_rewrite.ev_class as class,
            pg_rewrite.oid as id
        from pg_rewrite
    ),
    class as (
        select
            oid as id,
            relname as name,
            relnamespace as schema,
            relkind as kind
        from pg_class
    ),
    dependency as (
        select distinct
            pg_depend.objid as id,
            pg_depend.refobjid as ref
        from pg_depend
    ),
    schema as (
        select
            pg_namespace.oid as id,
            pg_namespace.nspname as name
        from pg_namespace
        where nspname != 'information_schema' and nspname not like 'pg\_%'
    ),
    referenced as (
        select
            relation.id AS id,
            referenced_class.name ,
            referenced_class.schema ,
            referenced_class.kind
        from relation
        join class as referenced_class on relation.class=referenced_class.id
        where referenced_class.kind in ('r', 'v', 'm')
    ),
    relationships as (
        select
            referenced.name as referenced_name,
            referenced.schema as referenced_schema_id,
            dependent_class.name as dependent_name,
            dependent_class.schema as dependent_schema_id,
            referenced.kind as kind
        from referenced
        join dependency on referenced.id=dependency.id
        join class as dependent_class on dependency.ref=dependent_class.id
        where
            (referenced.name != dependent_class.name or
             referenced.schema != dependent_class.schema)
    )

    select
        referenced_schema.name as referenced_schema,
        relationships.referenced_name as referenced_name,
        dependent_schema.name as dependent_schema,
        relationships.dependent_name as dependent_name
    from relationships
    join schema as dependent_schema on relationships.dependent_schema_id=dependent_schema.id
    join schema as referenced_schema on relationships.referenced_schema_id=referenced_schema.id
    group by referenced_schema, referenced_name, dependent_schema, dependent_name
    order by referenced_schema, referenced_name, dependent_schema, dependent_name;
[0m22:25:46.240213 [debug] [MainThread]: SQL status: SELECT 2 in 0.009 seconds
[0m22:25:46.240213 [debug] [MainThread]: Sending event: {'category': 'dbt', 'action': 'runnable_timing', 'label': '4ac5910b-27e9-4651-ade0-7d0f2aef72e9', 'context': [<snowplow_tracker.self_describing_json.SelfDescribingJson object at 0x0000029B787B8CB0>]}
[0m22:25:46.244144 [debug] [MainThread]: On master: ROLLBACK
[0m22:25:46.244144 [debug] [MainThread]: Using postgres connection "master"
[0m22:25:46.244144 [debug] [MainThread]: On master: BEGIN
[0m22:25:46.244144 [debug] [MainThread]: SQL status: BEGIN in 0.001 seconds
[0m22:25:46.244144 [debug] [MainThread]: On master: COMMIT
[0m22:25:46.244144 [debug] [MainThread]: Using postgres connection "master"
[0m22:25:46.244144 [debug] [MainThread]: On master: COMMIT
[0m22:25:46.249091 [debug] [MainThread]: SQL status: COMMIT in 0.001 seconds
[0m22:25:46.249091 [debug] [MainThread]: On master: Close
[0m22:25:46.249091 [debug] [Thread-1 (]: Began running node model.de_project.report2
[0m22:25:46.249091 [info ] [Thread-1 (]: 1 of 1 START sql view model public.report2 ..................................... [RUN]
[0m22:25:46.249091 [debug] [Thread-1 (]: Acquiring new postgres connection 'model.de_project.report2'
[0m22:25:46.249091 [debug] [Thread-1 (]: Began compiling node model.de_project.report2
[0m22:25:46.266985 [debug] [Thread-1 (]: Writing injected SQL for node "model.de_project.report2"
[0m22:25:46.268039 [debug] [Thread-1 (]: Began executing node model.de_project.report2
[0m22:25:46.311040 [debug] [Thread-1 (]: Writing runtime sql for node "model.de_project.report2"
[0m22:25:46.312035 [debug] [Thread-1 (]: Using postgres connection "model.de_project.report2"
[0m22:25:46.312035 [debug] [Thread-1 (]: On model.de_project.report2: BEGIN
[0m22:25:46.313035 [debug] [Thread-1 (]: Opening a new connection, currently in state init
[0m22:25:46.380785 [debug] [Thread-1 (]: SQL status: BEGIN in 0.068 seconds
[0m22:25:46.380785 [debug] [Thread-1 (]: Using postgres connection "model.de_project.report2"
[0m22:25:46.380785 [debug] [Thread-1 (]: On model.de_project.report2: /* {"app": "dbt", "dbt_version": "1.9.2", "profile_name": "de_project", "target_name": "dev", "node_id": "model.de_project.report2"} */

  create view "warehouse"."public"."report2__dbt_tmp"
    
    
  as (
    WITH financial_transactions_by_years as (
    SELECT unique_id,
    date_part( 'year',"date") as year,
    amount,
    customer_id,
    type
    FROM public.financial_transactions
)

SELECT 'year', COUNT(unique_id) as users
FROM
financial_transactions_by_years
  );
[0m22:25:46.388346 [debug] [Thread-1 (]: SQL status: CREATE VIEW in 0.006 seconds
[0m22:25:46.394996 [debug] [Thread-1 (]: Using postgres connection "model.de_project.report2"
[0m22:25:46.395996 [debug] [Thread-1 (]: On model.de_project.report2: /* {"app": "dbt", "dbt_version": "1.9.2", "profile_name": "de_project", "target_name": "dev", "node_id": "model.de_project.report2"} */
alter table "warehouse"."public"."report2__dbt_tmp" rename to "report2"
[0m22:25:46.397998 [debug] [Thread-1 (]: SQL status: ALTER TABLE in 0.001 seconds
[0m22:25:46.411621 [debug] [Thread-1 (]: On model.de_project.report2: COMMIT
[0m22:25:46.411621 [debug] [Thread-1 (]: Using postgres connection "model.de_project.report2"
[0m22:25:46.411621 [debug] [Thread-1 (]: On model.de_project.report2: COMMIT
[0m22:25:46.411621 [debug] [Thread-1 (]: SQL status: COMMIT in 0.004 seconds
[0m22:25:46.424153 [debug] [Thread-1 (]: Applying DROP to: "warehouse"."public"."report2__dbt_backup"
[0m22:25:46.424153 [debug] [Thread-1 (]: Using postgres connection "model.de_project.report2"
[0m22:25:46.424153 [debug] [Thread-1 (]: On model.de_project.report2: /* {"app": "dbt", "dbt_version": "1.9.2", "profile_name": "de_project", "target_name": "dev", "node_id": "model.de_project.report2"} */
drop view if exists "warehouse"."public"."report2__dbt_backup" cascade
[0m22:25:46.424153 [debug] [Thread-1 (]: SQL status: DROP VIEW in 0.001 seconds
[0m22:25:46.424153 [debug] [Thread-1 (]: On model.de_project.report2: Close
[0m22:25:46.437231 [debug] [Thread-1 (]: Sending event: {'category': 'dbt', 'action': 'run_model', 'label': '4ac5910b-27e9-4651-ade0-7d0f2aef72e9', 'context': [<snowplow_tracker.self_describing_json.SelfDescribingJson object at 0x0000029B73DCA270>]}
[0m22:25:46.437231 [info ] [Thread-1 (]: 1 of 1 OK created sql view model public.report2 ................................ [[32mCREATE VIEW[0m in 0.18s]
[0m22:25:46.437231 [debug] [Thread-1 (]: Finished running node model.de_project.report2
[0m22:25:46.437231 [debug] [MainThread]: Using postgres connection "master"
[0m22:25:46.437231 [debug] [MainThread]: On master: BEGIN
[0m22:25:46.437231 [debug] [MainThread]: Opening a new connection, currently in state closed
[0m22:25:46.499363 [debug] [MainThread]: SQL status: BEGIN in 0.057 seconds
[0m22:25:46.499363 [debug] [MainThread]: On master: COMMIT
[0m22:25:46.499363 [debug] [MainThread]: Using postgres connection "master"
[0m22:25:46.500386 [debug] [MainThread]: On master: COMMIT
[0m22:25:46.501359 [debug] [MainThread]: SQL status: COMMIT in 0.001 seconds
[0m22:25:46.501359 [debug] [MainThread]: On master: Close
[0m22:25:46.502363 [debug] [MainThread]: Connection 'master' was properly closed.
[0m22:25:46.502363 [debug] [MainThread]: Connection 'list_warehouse' was properly closed.
[0m22:25:46.502363 [debug] [MainThread]: Connection 'list_warehouse_public' was properly closed.
[0m22:25:46.503370 [debug] [MainThread]: Connection 'model.de_project.report2' was properly closed.
[0m22:25:46.503370 [info ] [MainThread]: 
[0m22:25:46.504359 [info ] [MainThread]: Finished running 1 view model in 0 hours 0 minutes and 0.57 seconds (0.57s).
[0m22:25:46.505360 [debug] [MainThread]: Command end result
[0m22:25:46.525939 [debug] [MainThread]: Wrote artifact WritableManifest to D:\DE\DataTalks\project\de_project\target\manifest.json
[0m22:25:46.525939 [debug] [MainThread]: Wrote artifact SemanticManifest to D:\DE\DataTalks\project\de_project\target\semantic_manifest.json
[0m22:25:46.531216 [debug] [MainThread]: Wrote artifact RunExecutionResult to D:\DE\DataTalks\project\de_project\target\run_results.json
[0m22:25:46.531216 [info ] [MainThread]: 
[0m22:25:46.531216 [info ] [MainThread]: [32mCompleted successfully[0m
[0m22:25:46.531216 [info ] [MainThread]: 
[0m22:25:46.531216 [info ] [MainThread]: Done. PASS=1 WARN=0 ERROR=0 SKIP=0 TOTAL=1
[0m22:25:46.531216 [debug] [MainThread]: Command `dbt run` succeeded at 22:25:46.531216 after 1.68 seconds
[0m22:25:46.531216 [debug] [MainThread]: Sending event: {'category': 'dbt', 'action': 'invocation', 'label': 'end', 'context': [<snowplow_tracker.self_describing_json.SelfDescribingJson object at 0x0000029B782B0830>, <snowplow_tracker.self_describing_json.SelfDescribingJson object at 0x0000029B73DCA270>, <snowplow_tracker.self_describing_json.SelfDescribingJson object at 0x0000029B76525220>]}
[0m22:25:46.539376 [debug] [MainThread]: Flushing usage events
[0m22:25:47.716522 [debug] [MainThread]: An error was encountered while trying to flush usage events
[0m22:26:50.283606 [debug] [MainThread]: Sending event: {'category': 'dbt', 'action': 'invocation', 'label': 'start', 'context': [<snowplow_tracker.self_describing_json.SelfDescribingJson object at 0x00000238839D1CA0>, <snowplow_tracker.self_describing_json.SelfDescribingJson object at 0x0000023884D92AE0>, <snowplow_tracker.self_describing_json.SelfDescribingJson object at 0x00000238861BCD70>]}


============================== 22:26:50.285757 | d9ff50ff-e26c-41ab-9cfa-b13a117e6ef2 ==============================
[0m22:26:50.285757 [info ] [MainThread]: Running with dbt=1.9.2
[0m22:26:50.285757 [debug] [MainThread]: running dbt with arguments {'printer_width': '80', 'indirect_selection': 'eager', 'log_cache_events': 'False', 'write_json': 'True', 'partial_parse': 'True', 'cache_selected_only': 'False', 'profiles_dir': 'C:\\Users\\MinhThanh\\.dbt', 'fail_fast': 'False', 'warn_error': 'None', 'log_path': 'D:\\DE\\DataTalks\\project\\de_project\\logs', 'debug': 'False', 'version_check': 'True', 'use_colors': 'True', 'use_experimental_parser': 'False', 'no_print': 'None', 'quiet': 'False', 'empty': 'False', 'warn_error_options': 'WarnErrorOptions(include=[], exclude=[])', 'invocation_command': 'dbt run --select report2', 'introspect': 'True', 'static_parser': 'True', 'target_path': 'None', 'log_format': 'default', 'send_anonymous_usage_stats': 'True'}
[0m22:26:50.466809 [debug] [MainThread]: Sending event: {'category': 'dbt', 'action': 'project_id', 'label': 'd9ff50ff-e26c-41ab-9cfa-b13a117e6ef2', 'context': [<snowplow_tracker.self_describing_json.SelfDescribingJson object at 0x000002388399F920>]}
[0m22:26:50.539502 [debug] [MainThread]: Sending event: {'category': 'dbt', 'action': 'adapter_info', 'label': 'd9ff50ff-e26c-41ab-9cfa-b13a117e6ef2', 'context': [<snowplow_tracker.self_describing_json.SelfDescribingJson object at 0x0000023886C389E0>]}
[0m22:26:50.540503 [info ] [MainThread]: Registered adapter: postgres=1.9.0
[0m22:26:50.736745 [debug] [MainThread]: checksum: 12b12750b70de726cfd89136b8e24afc3f3e77597a97bff40ab7e5f9b39d5e18, vars: {}, profile: , target: , version: 1.9.2
[0m22:26:50.856429 [debug] [MainThread]: Partial parsing enabled: 0 files deleted, 0 files added, 1 files changed.
[0m22:26:50.860837 [debug] [MainThread]: Partial parsing: updated file: de_project://models\staging\report.sql
[0m22:26:51.299018 [debug] [MainThread]: Sending event: {'category': 'dbt', 'action': 'load_project', 'label': 'd9ff50ff-e26c-41ab-9cfa-b13a117e6ef2', 'context': [<snowplow_tracker.self_describing_json.SelfDescribingJson object at 0x0000023888A0E7E0>]}
[0m22:26:51.370734 [debug] [MainThread]: Wrote artifact WritableManifest to D:\DE\DataTalks\project\de_project\target\manifest.json
[0m22:26:51.373734 [debug] [MainThread]: Wrote artifact SemanticManifest to D:\DE\DataTalks\project\de_project\target\semantic_manifest.json
[0m22:26:51.394813 [debug] [MainThread]: Sending event: {'category': 'dbt', 'action': 'resource_counts', 'label': 'd9ff50ff-e26c-41ab-9cfa-b13a117e6ef2', 'context': [<snowplow_tracker.self_describing_json.SelfDescribingJson object at 0x00000238889DFF20>]}
[0m22:26:51.395811 [info ] [MainThread]: Found 4 models, 4 data tests, 433 macros
[0m22:26:51.396813 [debug] [MainThread]: Sending event: {'category': 'dbt', 'action': 'runnable_timing', 'label': 'd9ff50ff-e26c-41ab-9cfa-b13a117e6ef2', 'context': [<snowplow_tracker.self_describing_json.SelfDescribingJson object at 0x00000238889CA060>]}
[0m22:26:51.397820 [info ] [MainThread]: 
[0m22:26:51.399160 [info ] [MainThread]: Concurrency: 4 threads (target='dev')
[0m22:26:51.399160 [info ] [MainThread]: 
[0m22:26:51.399160 [debug] [MainThread]: Acquiring new postgres connection 'master'
[0m22:26:51.399160 [debug] [ThreadPool]: Acquiring new postgres connection 'list_warehouse'
[0m22:26:51.463250 [debug] [ThreadPool]: Using postgres connection "list_warehouse"
[0m22:26:51.463858 [debug] [ThreadPool]: On list_warehouse: /* {"app": "dbt", "dbt_version": "1.9.2", "profile_name": "de_project", "target_name": "dev", "connection_name": "list_warehouse"} */

    select distinct nspname from pg_namespace
  
[0m22:26:51.464385 [debug] [ThreadPool]: Opening a new connection, currently in state init
[0m22:26:51.532395 [debug] [ThreadPool]: SQL status: SELECT 4 in 0.071 seconds
[0m22:26:51.532395 [debug] [ThreadPool]: On list_warehouse: Close
[0m22:26:51.541224 [debug] [ThreadPool]: Acquiring new postgres connection 'list_warehouse_public'
[0m22:26:51.550259 [debug] [ThreadPool]: Using postgres connection "list_warehouse_public"
[0m22:26:51.550259 [debug] [ThreadPool]: On list_warehouse_public: BEGIN
[0m22:26:51.550259 [debug] [ThreadPool]: Opening a new connection, currently in state init
[0m22:26:51.604122 [debug] [ThreadPool]: SQL status: BEGIN in 0.052 seconds
[0m22:26:51.605262 [debug] [ThreadPool]: Using postgres connection "list_warehouse_public"
[0m22:26:51.605786 [debug] [ThreadPool]: On list_warehouse_public: /* {"app": "dbt", "dbt_version": "1.9.2", "profile_name": "de_project", "target_name": "dev", "connection_name": "list_warehouse_public"} */
select
      'warehouse' as database,
      tablename as name,
      schemaname as schema,
      'table' as type
    from pg_tables
    where schemaname ilike 'public'
    union all
    select
      'warehouse' as database,
      viewname as name,
      schemaname as schema,
      'view' as type
    from pg_views
    where schemaname ilike 'public'
    union all
    select
      'warehouse' as database,
      matviewname as name,
      schemaname as schema,
      'materialized_view' as type
    from pg_matviews
    where schemaname ilike 'public'
  
[0m22:26:51.613426 [debug] [ThreadPool]: SQL status: SELECT 5 in 0.007 seconds
[0m22:26:51.615940 [debug] [ThreadPool]: On list_warehouse_public: ROLLBACK
[0m22:26:51.615940 [debug] [ThreadPool]: On list_warehouse_public: Close
[0m22:26:51.627039 [debug] [MainThread]: Using postgres connection "master"
[0m22:26:51.627039 [debug] [MainThread]: On master: BEGIN
[0m22:26:51.627039 [debug] [MainThread]: Opening a new connection, currently in state init
[0m22:26:51.691958 [debug] [MainThread]: SQL status: BEGIN in 0.067 seconds
[0m22:26:51.691958 [debug] [MainThread]: Using postgres connection "master"
[0m22:26:51.691958 [debug] [MainThread]: On master: /* {"app": "dbt", "dbt_version": "1.9.2", "profile_name": "de_project", "target_name": "dev", "connection_name": "master"} */
with relation as (
        select
            pg_rewrite.ev_class as class,
            pg_rewrite.oid as id
        from pg_rewrite
    ),
    class as (
        select
            oid as id,
            relname as name,
            relnamespace as schema,
            relkind as kind
        from pg_class
    ),
    dependency as (
        select distinct
            pg_depend.objid as id,
            pg_depend.refobjid as ref
        from pg_depend
    ),
    schema as (
        select
            pg_namespace.oid as id,
            pg_namespace.nspname as name
        from pg_namespace
        where nspname != 'information_schema' and nspname not like 'pg\_%'
    ),
    referenced as (
        select
            relation.id AS id,
            referenced_class.name ,
            referenced_class.schema ,
            referenced_class.kind
        from relation
        join class as referenced_class on relation.class=referenced_class.id
        where referenced_class.kind in ('r', 'v', 'm')
    ),
    relationships as (
        select
            referenced.name as referenced_name,
            referenced.schema as referenced_schema_id,
            dependent_class.name as dependent_name,
            dependent_class.schema as dependent_schema_id,
            referenced.kind as kind
        from referenced
        join dependency on referenced.id=dependency.id
        join class as dependent_class on dependency.ref=dependent_class.id
        where
            (referenced.name != dependent_class.name or
             referenced.schema != dependent_class.schema)
    )

    select
        referenced_schema.name as referenced_schema,
        relationships.referenced_name as referenced_name,
        dependent_schema.name as dependent_schema,
        relationships.dependent_name as dependent_name
    from relationships
    join schema as dependent_schema on relationships.dependent_schema_id=dependent_schema.id
    join schema as referenced_schema on relationships.referenced_schema_id=referenced_schema.id
    group by referenced_schema, referenced_name, dependent_schema, dependent_name
    order by referenced_schema, referenced_name, dependent_schema, dependent_name;
[0m22:26:51.706351 [debug] [MainThread]: SQL status: SELECT 3 in 0.010 seconds
[0m22:26:51.709874 [debug] [MainThread]: Sending event: {'category': 'dbt', 'action': 'runnable_timing', 'label': 'd9ff50ff-e26c-41ab-9cfa-b13a117e6ef2', 'context': [<snowplow_tracker.self_describing_json.SelfDescribingJson object at 0x0000023888C583E0>]}
[0m22:26:51.709874 [debug] [MainThread]: On master: ROLLBACK
[0m22:26:51.711879 [debug] [MainThread]: Using postgres connection "master"
[0m22:26:51.711879 [debug] [MainThread]: On master: BEGIN
[0m22:26:51.713884 [debug] [MainThread]: SQL status: BEGIN in 0.002 seconds
[0m22:26:51.715894 [debug] [MainThread]: On master: COMMIT
[0m22:26:51.715894 [debug] [MainThread]: Using postgres connection "master"
[0m22:26:51.715894 [debug] [MainThread]: On master: COMMIT
[0m22:26:51.717904 [debug] [MainThread]: SQL status: COMMIT in 0.001 seconds
[0m22:26:51.717904 [debug] [MainThread]: On master: Close
[0m22:26:51.725680 [debug] [Thread-1 (]: Began running node model.de_project.report2
[0m22:26:51.725680 [info ] [Thread-1 (]: 1 of 1 START sql view model public.report2 ..................................... [RUN]
[0m22:26:51.727686 [debug] [Thread-1 (]: Acquiring new postgres connection 'model.de_project.report2'
[0m22:26:51.727686 [debug] [Thread-1 (]: Began compiling node model.de_project.report2
[0m22:26:51.729693 [debug] [Thread-1 (]: Writing injected SQL for node "model.de_project.report2"
[0m22:26:51.729693 [debug] [Thread-1 (]: Began executing node model.de_project.report2
[0m22:26:51.780684 [debug] [Thread-1 (]: Writing runtime sql for node "model.de_project.report2"
[0m22:26:51.782661 [debug] [Thread-1 (]: Using postgres connection "model.de_project.report2"
[0m22:26:51.783711 [debug] [Thread-1 (]: On model.de_project.report2: BEGIN
[0m22:26:51.783711 [debug] [Thread-1 (]: Opening a new connection, currently in state init
[0m22:26:51.849067 [debug] [Thread-1 (]: SQL status: BEGIN in 0.065 seconds
[0m22:26:51.850071 [debug] [Thread-1 (]: Using postgres connection "model.de_project.report2"
[0m22:26:51.850384 [debug] [Thread-1 (]: On model.de_project.report2: /* {"app": "dbt", "dbt_version": "1.9.2", "profile_name": "de_project", "target_name": "dev", "node_id": "model.de_project.report2"} */

  create view "warehouse"."public"."report2__dbt_tmp"
    
    
  as (
    WITH financial_transactions_by_years as (
    SELECT unique_id,
    date_part( 'year',"date") as year,
    amount,
    customer_id,
    type
    FROM public.financial_transactions
)

SELECT 'year', COUNT(unique_id) as users
FROM
financial_transactions_by_years
  );
[0m22:26:51.857386 [debug] [Thread-1 (]: SQL status: CREATE VIEW in 0.007 seconds
[0m22:26:51.866388 [debug] [Thread-1 (]: Using postgres connection "model.de_project.report2"
[0m22:26:51.867387 [debug] [Thread-1 (]: On model.de_project.report2: /* {"app": "dbt", "dbt_version": "1.9.2", "profile_name": "de_project", "target_name": "dev", "node_id": "model.de_project.report2"} */
alter table "warehouse"."public"."report2" rename to "report2__dbt_backup"
[0m22:26:51.869386 [debug] [Thread-1 (]: SQL status: ALTER TABLE in 0.001 seconds
[0m22:26:51.872383 [debug] [Thread-1 (]: Using postgres connection "model.de_project.report2"
[0m22:26:51.873385 [debug] [Thread-1 (]: On model.de_project.report2: /* {"app": "dbt", "dbt_version": "1.9.2", "profile_name": "de_project", "target_name": "dev", "node_id": "model.de_project.report2"} */
alter table "warehouse"."public"."report2__dbt_tmp" rename to "report2"
[0m22:26:51.874382 [debug] [Thread-1 (]: SQL status: ALTER TABLE in 0.001 seconds
[0m22:26:51.897132 [debug] [Thread-1 (]: On model.de_project.report2: COMMIT
[0m22:26:51.898133 [debug] [Thread-1 (]: Using postgres connection "model.de_project.report2"
[0m22:26:51.898133 [debug] [Thread-1 (]: On model.de_project.report2: COMMIT
[0m22:26:51.902253 [debug] [Thread-1 (]: SQL status: COMMIT in 0.004 seconds
[0m22:26:51.902253 [debug] [Thread-1 (]: Applying DROP to: "warehouse"."public"."report2__dbt_backup"
[0m22:26:51.915003 [debug] [Thread-1 (]: Using postgres connection "model.de_project.report2"
[0m22:26:51.915003 [debug] [Thread-1 (]: On model.de_project.report2: /* {"app": "dbt", "dbt_version": "1.9.2", "profile_name": "de_project", "target_name": "dev", "node_id": "model.de_project.report2"} */
drop view if exists "warehouse"."public"."report2__dbt_backup" cascade
[0m22:26:51.915003 [debug] [Thread-1 (]: SQL status: DROP VIEW in 0.004 seconds
[0m22:26:51.922602 [debug] [Thread-1 (]: On model.de_project.report2: Close
[0m22:26:51.924608 [debug] [Thread-1 (]: Sending event: {'category': 'dbt', 'action': 'run_model', 'label': 'd9ff50ff-e26c-41ab-9cfa-b13a117e6ef2', 'context': [<snowplow_tracker.self_describing_json.SelfDescribingJson object at 0x00000238875C8440>]}
[0m22:26:51.924608 [info ] [Thread-1 (]: 1 of 1 OK created sql view model public.report2 ................................ [[32mCREATE VIEW[0m in 0.19s]
[0m22:26:51.924608 [debug] [Thread-1 (]: Finished running node model.de_project.report2
[0m22:26:51.931038 [debug] [MainThread]: Using postgres connection "master"
[0m22:26:51.931038 [debug] [MainThread]: On master: BEGIN
[0m22:26:51.931038 [debug] [MainThread]: Opening a new connection, currently in state closed
[0m22:26:51.983669 [debug] [MainThread]: SQL status: BEGIN in 0.051 seconds
[0m22:26:51.983669 [debug] [MainThread]: On master: COMMIT
[0m22:26:51.984664 [debug] [MainThread]: Using postgres connection "master"
[0m22:26:51.984664 [debug] [MainThread]: On master: COMMIT
[0m22:26:51.985664 [debug] [MainThread]: SQL status: COMMIT in 0.001 seconds
[0m22:26:51.985664 [debug] [MainThread]: On master: Close
[0m22:26:51.986668 [debug] [MainThread]: Connection 'master' was properly closed.
[0m22:26:51.987671 [debug] [MainThread]: Connection 'list_warehouse' was properly closed.
[0m22:26:51.987671 [debug] [MainThread]: Connection 'list_warehouse_public' was properly closed.
[0m22:26:51.988664 [debug] [MainThread]: Connection 'model.de_project.report2' was properly closed.
[0m22:26:51.989662 [info ] [MainThread]: 
[0m22:26:51.989662 [info ] [MainThread]: Finished running 1 view model in 0 hours 0 minutes and 0.59 seconds (0.59s).
[0m22:26:51.990664 [debug] [MainThread]: Command end result
[0m22:26:52.013500 [debug] [MainThread]: Wrote artifact WritableManifest to D:\DE\DataTalks\project\de_project\target\manifest.json
[0m22:26:52.016531 [debug] [MainThread]: Wrote artifact SemanticManifest to D:\DE\DataTalks\project\de_project\target\semantic_manifest.json
[0m22:26:52.021696 [debug] [MainThread]: Wrote artifact RunExecutionResult to D:\DE\DataTalks\project\de_project\target\run_results.json
[0m22:26:52.021696 [info ] [MainThread]: 
[0m22:26:52.021696 [info ] [MainThread]: [32mCompleted successfully[0m
[0m22:26:52.021696 [info ] [MainThread]: 
[0m22:26:52.021696 [info ] [MainThread]: Done. PASS=1 WARN=0 ERROR=0 SKIP=0 TOTAL=1
[0m22:26:52.021696 [debug] [MainThread]: Command `dbt run` succeeded at 22:26:52.021696 after 1.91 seconds
[0m22:26:52.021696 [debug] [MainThread]: Sending event: {'category': 'dbt', 'action': 'invocation', 'label': 'end', 'context': [<snowplow_tracker.self_describing_json.SelfDescribingJson object at 0x00000238839D1CA0>, <snowplow_tracker.self_describing_json.SelfDescribingJson object at 0x00000238886C4C50>, <snowplow_tracker.self_describing_json.SelfDescribingJson object at 0x0000023886450B30>]}
[0m22:26:52.021696 [debug] [MainThread]: Flushing usage events
[0m22:26:53.196951 [debug] [MainThread]: An error was encountered while trying to flush usage events
[0m22:26:57.941544 [debug] [MainThread]: Sending event: {'category': 'dbt', 'action': 'invocation', 'label': 'start', 'context': [<snowplow_tracker.self_describing_json.SelfDescribingJson object at 0x00000267C98F2AB0>, <snowplow_tracker.self_describing_json.SelfDescribingJson object at 0x00000267C98F2930>, <snowplow_tracker.self_describing_json.SelfDescribingJson object at 0x00000267C98F29F0>]}


============================== 22:26:57.958168 | 5aa4d2f1-3221-4233-9423-a4fe78cf38e7 ==============================
[0m22:26:57.958168 [info ] [MainThread]: Running with dbt=1.9.2
[0m22:26:57.960176 [debug] [MainThread]: running dbt with arguments {'printer_width': '80', 'indirect_selection': 'eager', 'write_json': 'True', 'log_cache_events': 'False', 'partial_parse': 'True', 'cache_selected_only': 'False', 'profiles_dir': 'C:\\Users\\MinhThanh\\.dbt', 'fail_fast': 'False', 'debug': 'False', 'log_path': 'D:\\DE\\DataTalks\\project\\de_project\\logs', 'version_check': 'True', 'warn_error': 'None', 'use_colors': 'True', 'use_experimental_parser': 'False', 'empty': 'False', 'quiet': 'False', 'no_print': 'None', 'log_format': 'default', 'introspect': 'True', 'static_parser': 'True', 'invocation_command': 'dbt run --select report', 'target_path': 'None', 'warn_error_options': 'WarnErrorOptions(include=[], exclude=[])', 'send_anonymous_usage_stats': 'True'}
[0m22:26:58.117814 [debug] [MainThread]: Sending event: {'category': 'dbt', 'action': 'project_id', 'label': '5aa4d2f1-3221-4233-9423-a4fe78cf38e7', 'context': [<snowplow_tracker.self_describing_json.SelfDescribingJson object at 0x00000267CBB96F30>]}
[0m22:26:58.173787 [debug] [MainThread]: Sending event: {'category': 'dbt', 'action': 'adapter_info', 'label': '5aa4d2f1-3221-4233-9423-a4fe78cf38e7', 'context': [<snowplow_tracker.self_describing_json.SelfDescribingJson object at 0x00000267C8D494C0>]}
[0m22:26:58.173787 [info ] [MainThread]: Registered adapter: postgres=1.9.0
[0m22:26:58.347833 [debug] [MainThread]: checksum: 12b12750b70de726cfd89136b8e24afc3f3e77597a97bff40ab7e5f9b39d5e18, vars: {}, profile: , target: , version: 1.9.2
[0m22:26:58.493521 [debug] [MainThread]: Partial parsing enabled: 0 files deleted, 0 files added, 0 files changed.
[0m22:26:58.493521 [debug] [MainThread]: Partial parsing enabled, no changes found, skipping parsing
[0m22:26:58.534126 [debug] [MainThread]: Sending event: {'category': 'dbt', 'action': 'load_project', 'label': '5aa4d2f1-3221-4233-9423-a4fe78cf38e7', 'context': [<snowplow_tracker.self_describing_json.SelfDescribingJson object at 0x00000267CBB4F650>]}
[0m22:26:58.613335 [debug] [MainThread]: Wrote artifact WritableManifest to D:\DE\DataTalks\project\de_project\target\manifest.json
[0m22:26:58.615341 [debug] [MainThread]: Wrote artifact SemanticManifest to D:\DE\DataTalks\project\de_project\target\semantic_manifest.json
[0m22:26:58.632622 [debug] [MainThread]: Sending event: {'category': 'dbt', 'action': 'resource_counts', 'label': '5aa4d2f1-3221-4233-9423-a4fe78cf38e7', 'context': [<snowplow_tracker.self_describing_json.SelfDescribingJson object at 0x00000267CD4C9940>]}
[0m22:26:58.636110 [info ] [MainThread]: Found 4 models, 4 data tests, 433 macros
[0m22:26:58.636110 [debug] [MainThread]: Sending event: {'category': 'dbt', 'action': 'runnable_timing', 'label': '5aa4d2f1-3221-4233-9423-a4fe78cf38e7', 'context': [<snowplow_tracker.self_describing_json.SelfDescribingJson object at 0x00000267CB305400>]}
[0m22:26:58.636110 [info ] [MainThread]: 
[0m22:26:58.636110 [info ] [MainThread]: Concurrency: 4 threads (target='dev')
[0m22:26:58.636110 [info ] [MainThread]: 
[0m22:26:58.636110 [debug] [MainThread]: Acquiring new postgres connection 'master'
[0m22:26:58.636110 [debug] [ThreadPool]: Acquiring new postgres connection 'list_warehouse'
[0m22:26:58.708358 [debug] [ThreadPool]: Using postgres connection "list_warehouse"
[0m22:26:58.708358 [debug] [ThreadPool]: On list_warehouse: /* {"app": "dbt", "dbt_version": "1.9.2", "profile_name": "de_project", "target_name": "dev", "connection_name": "list_warehouse"} */

    select distinct nspname from pg_namespace
  
[0m22:26:58.709534 [debug] [ThreadPool]: Opening a new connection, currently in state init
[0m22:26:58.778212 [debug] [ThreadPool]: SQL status: SELECT 4 in 0.070 seconds
[0m22:26:58.778212 [debug] [ThreadPool]: On list_warehouse: Close
[0m22:26:58.782013 [debug] [ThreadPool]: Acquiring new postgres connection 'list_warehouse_public'
[0m22:26:58.796250 [debug] [ThreadPool]: Using postgres connection "list_warehouse_public"
[0m22:26:58.796250 [debug] [ThreadPool]: On list_warehouse_public: BEGIN
[0m22:26:58.797250 [debug] [ThreadPool]: Opening a new connection, currently in state init
[0m22:26:58.857596 [debug] [ThreadPool]: SQL status: BEGIN in 0.062 seconds
[0m22:26:58.857596 [debug] [ThreadPool]: Using postgres connection "list_warehouse_public"
[0m22:26:58.857596 [debug] [ThreadPool]: On list_warehouse_public: /* {"app": "dbt", "dbt_version": "1.9.2", "profile_name": "de_project", "target_name": "dev", "connection_name": "list_warehouse_public"} */
select
      'warehouse' as database,
      tablename as name,
      schemaname as schema,
      'table' as type
    from pg_tables
    where schemaname ilike 'public'
    union all
    select
      'warehouse' as database,
      viewname as name,
      schemaname as schema,
      'view' as type
    from pg_views
    where schemaname ilike 'public'
    union all
    select
      'warehouse' as database,
      matviewname as name,
      schemaname as schema,
      'materialized_view' as type
    from pg_matviews
    where schemaname ilike 'public'
  
[0m22:26:58.857596 [debug] [ThreadPool]: SQL status: SELECT 5 in 0.006 seconds
[0m22:26:58.857596 [debug] [ThreadPool]: On list_warehouse_public: ROLLBACK
[0m22:26:58.868909 [debug] [ThreadPool]: On list_warehouse_public: Close
[0m22:26:58.878401 [debug] [MainThread]: Using postgres connection "master"
[0m22:26:58.878401 [debug] [MainThread]: On master: BEGIN
[0m22:26:58.879399 [debug] [MainThread]: Opening a new connection, currently in state init
[0m22:26:58.941412 [debug] [MainThread]: SQL status: BEGIN in 0.065 seconds
[0m22:26:58.941412 [debug] [MainThread]: Using postgres connection "master"
[0m22:26:58.941412 [debug] [MainThread]: On master: /* {"app": "dbt", "dbt_version": "1.9.2", "profile_name": "de_project", "target_name": "dev", "connection_name": "master"} */
with relation as (
        select
            pg_rewrite.ev_class as class,
            pg_rewrite.oid as id
        from pg_rewrite
    ),
    class as (
        select
            oid as id,
            relname as name,
            relnamespace as schema,
            relkind as kind
        from pg_class
    ),
    dependency as (
        select distinct
            pg_depend.objid as id,
            pg_depend.refobjid as ref
        from pg_depend
    ),
    schema as (
        select
            pg_namespace.oid as id,
            pg_namespace.nspname as name
        from pg_namespace
        where nspname != 'information_schema' and nspname not like 'pg\_%'
    ),
    referenced as (
        select
            relation.id AS id,
            referenced_class.name ,
            referenced_class.schema ,
            referenced_class.kind
        from relation
        join class as referenced_class on relation.class=referenced_class.id
        where referenced_class.kind in ('r', 'v', 'm')
    ),
    relationships as (
        select
            referenced.name as referenced_name,
            referenced.schema as referenced_schema_id,
            dependent_class.name as dependent_name,
            dependent_class.schema as dependent_schema_id,
            referenced.kind as kind
        from referenced
        join dependency on referenced.id=dependency.id
        join class as dependent_class on dependency.ref=dependent_class.id
        where
            (referenced.name != dependent_class.name or
             referenced.schema != dependent_class.schema)
    )

    select
        referenced_schema.name as referenced_schema,
        relationships.referenced_name as referenced_name,
        dependent_schema.name as dependent_schema,
        relationships.dependent_name as dependent_name
    from relationships
    join schema as dependent_schema on relationships.dependent_schema_id=dependent_schema.id
    join schema as referenced_schema on relationships.referenced_schema_id=referenced_schema.id
    group by referenced_schema, referenced_name, dependent_schema, dependent_name
    order by referenced_schema, referenced_name, dependent_schema, dependent_name;
[0m22:26:58.953589 [debug] [MainThread]: SQL status: SELECT 3 in 0.009 seconds
[0m22:26:58.953589 [debug] [MainThread]: Sending event: {'category': 'dbt', 'action': 'runnable_timing', 'label': '5aa4d2f1-3221-4233-9423-a4fe78cf38e7', 'context': [<snowplow_tracker.self_describing_json.SelfDescribingJson object at 0x00000267CD5355B0>]}
[0m22:26:58.953589 [debug] [MainThread]: On master: ROLLBACK
[0m22:26:58.957135 [debug] [MainThread]: Using postgres connection "master"
[0m22:26:58.957135 [debug] [MainThread]: On master: BEGIN
[0m22:26:58.957135 [debug] [MainThread]: SQL status: BEGIN in 0.002 seconds
[0m22:26:58.957135 [debug] [MainThread]: On master: COMMIT
[0m22:26:58.957135 [debug] [MainThread]: Using postgres connection "master"
[0m22:26:58.957135 [debug] [MainThread]: On master: COMMIT
[0m22:26:58.957135 [debug] [MainThread]: SQL status: COMMIT in 0.001 seconds
[0m22:26:58.957135 [debug] [MainThread]: On master: Close
[0m22:26:58.965157 [debug] [Thread-1 (]: Began running node model.de_project.report
[0m22:26:58.965157 [info ] [Thread-1 (]: 1 of 1 START sql view model public.report ...................................... [RUN]
[0m22:26:58.965157 [debug] [Thread-1 (]: Acquiring new postgres connection 'model.de_project.report'
[0m22:26:58.965157 [debug] [Thread-1 (]: Began compiling node model.de_project.report
[0m22:26:58.977661 [debug] [Thread-1 (]: Writing injected SQL for node "model.de_project.report"
[0m22:26:58.980200 [debug] [Thread-1 (]: Began executing node model.de_project.report
[0m22:26:59.025578 [debug] [Thread-1 (]: Writing runtime sql for node "model.de_project.report"
[0m22:26:59.026575 [debug] [Thread-1 (]: Using postgres connection "model.de_project.report"
[0m22:26:59.026575 [debug] [Thread-1 (]: On model.de_project.report: BEGIN
[0m22:26:59.026575 [debug] [Thread-1 (]: Opening a new connection, currently in state init
[0m22:26:59.073855 [debug] [Thread-1 (]: SQL status: BEGIN in 0.053 seconds
[0m22:26:59.073855 [debug] [Thread-1 (]: Using postgres connection "model.de_project.report"
[0m22:26:59.073855 [debug] [Thread-1 (]: On model.de_project.report: /* {"app": "dbt", "dbt_version": "1.9.2", "profile_name": "de_project", "target_name": "dev", "node_id": "model.de_project.report"} */

  create view "warehouse"."public"."report__dbt_tmp"
    
    
  as (
    SELECT SUM(amount) as "volume of transactions", type
FROM public.financial_transactions
GROUP BY type
  );
[0m22:26:59.089658 [debug] [Thread-1 (]: SQL status: CREATE VIEW in 0.008 seconds
[0m22:26:59.096914 [debug] [Thread-1 (]: Using postgres connection "model.de_project.report"
[0m22:26:59.096914 [debug] [Thread-1 (]: On model.de_project.report: /* {"app": "dbt", "dbt_version": "1.9.2", "profile_name": "de_project", "target_name": "dev", "node_id": "model.de_project.report"} */
alter table "warehouse"."public"."report" rename to "report__dbt_backup"
[0m22:26:59.098923 [debug] [Thread-1 (]: SQL status: ALTER TABLE in 0.002 seconds
[0m22:26:59.104227 [debug] [Thread-1 (]: Using postgres connection "model.de_project.report"
[0m22:26:59.105733 [debug] [Thread-1 (]: On model.de_project.report: /* {"app": "dbt", "dbt_version": "1.9.2", "profile_name": "de_project", "target_name": "dev", "node_id": "model.de_project.report"} */
alter table "warehouse"."public"."report__dbt_tmp" rename to "report"
[0m22:26:59.107674 [debug] [Thread-1 (]: SQL status: ALTER TABLE in 0.001 seconds
[0m22:26:59.128333 [debug] [Thread-1 (]: On model.de_project.report: COMMIT
[0m22:26:59.128333 [debug] [Thread-1 (]: Using postgres connection "model.de_project.report"
[0m22:26:59.128333 [debug] [Thread-1 (]: On model.de_project.report: COMMIT
[0m22:26:59.130341 [debug] [Thread-1 (]: SQL status: COMMIT in 0.002 seconds
[0m22:26:59.134251 [debug] [Thread-1 (]: Applying DROP to: "warehouse"."public"."report__dbt_backup"
[0m22:26:59.142165 [debug] [Thread-1 (]: Using postgres connection "model.de_project.report"
[0m22:26:59.142165 [debug] [Thread-1 (]: On model.de_project.report: /* {"app": "dbt", "dbt_version": "1.9.2", "profile_name": "de_project", "target_name": "dev", "node_id": "model.de_project.report"} */
drop view if exists "warehouse"."public"."report__dbt_backup" cascade
[0m22:26:59.142165 [debug] [Thread-1 (]: SQL status: DROP VIEW in 0.003 seconds
[0m22:26:59.142165 [debug] [Thread-1 (]: On model.de_project.report: Close
[0m22:26:59.156468 [debug] [Thread-1 (]: Sending event: {'category': 'dbt', 'action': 'run_model', 'label': '5aa4d2f1-3221-4233-9423-a4fe78cf38e7', 'context': [<snowplow_tracker.self_describing_json.SelfDescribingJson object at 0x00000267CAFFC860>]}
[0m22:26:59.156468 [info ] [Thread-1 (]: 1 of 1 OK created sql view model public.report ................................. [[32mCREATE VIEW[0m in 0.18s]
[0m22:26:59.158847 [debug] [Thread-1 (]: Finished running node model.de_project.report
[0m22:26:59.160853 [debug] [MainThread]: Using postgres connection "master"
[0m22:26:59.161860 [debug] [MainThread]: On master: BEGIN
[0m22:26:59.161860 [debug] [MainThread]: Opening a new connection, currently in state closed
[0m22:26:59.227262 [debug] [MainThread]: SQL status: BEGIN in 0.065 seconds
[0m22:26:59.227262 [debug] [MainThread]: On master: COMMIT
[0m22:26:59.227262 [debug] [MainThread]: Using postgres connection "master"
[0m22:26:59.228272 [debug] [MainThread]: On master: COMMIT
[0m22:26:59.229263 [debug] [MainThread]: SQL status: COMMIT in 0.001 seconds
[0m22:26:59.229263 [debug] [MainThread]: On master: Close
[0m22:26:59.230261 [debug] [MainThread]: Connection 'master' was properly closed.
[0m22:26:59.230261 [debug] [MainThread]: Connection 'list_warehouse' was properly closed.
[0m22:26:59.231269 [debug] [MainThread]: Connection 'list_warehouse_public' was properly closed.
[0m22:26:59.231269 [debug] [MainThread]: Connection 'model.de_project.report' was properly closed.
[0m22:26:59.232261 [info ] [MainThread]: 
[0m22:26:59.233262 [info ] [MainThread]: Finished running 1 view model in 0 hours 0 minutes and 0.60 seconds (0.60s).
[0m22:26:59.234262 [debug] [MainThread]: Command end result
[0m22:26:59.250556 [debug] [MainThread]: Wrote artifact WritableManifest to D:\DE\DataTalks\project\de_project\target\manifest.json
[0m22:26:59.256687 [debug] [MainThread]: Wrote artifact SemanticManifest to D:\DE\DataTalks\project\de_project\target\semantic_manifest.json
[0m22:26:59.263564 [debug] [MainThread]: Wrote artifact RunExecutionResult to D:\DE\DataTalks\project\de_project\target\run_results.json
[0m22:26:59.263564 [info ] [MainThread]: 
[0m22:26:59.266490 [info ] [MainThread]: [32mCompleted successfully[0m
[0m22:26:59.266490 [info ] [MainThread]: 
[0m22:26:59.266490 [info ] [MainThread]: Done. PASS=1 WARN=0 ERROR=0 SKIP=0 TOTAL=1
[0m22:26:59.266490 [debug] [MainThread]: Command `dbt run` succeeded at 22:26:59.266490 after 1.47 seconds
[0m22:26:59.266490 [debug] [MainThread]: Sending event: {'category': 'dbt', 'action': 'invocation', 'label': 'end', 'context': [<snowplow_tracker.self_describing_json.SelfDescribingJson object at 0x00000267CAFB3BC0>, <snowplow_tracker.self_describing_json.SelfDescribingJson object at 0x00000267C98F29F0>, <snowplow_tracker.self_describing_json.SelfDescribingJson object at 0x00000267C98F2930>]}
[0m22:26:59.266490 [debug] [MainThread]: Flushing usage events
[0m22:27:00.440225 [debug] [MainThread]: An error was encountered while trying to flush usage events
[0m22:28:48.309805 [debug] [MainThread]: Sending event: {'category': 'dbt', 'action': 'invocation', 'label': 'start', 'context': [<snowplow_tracker.self_describing_json.SelfDescribingJson object at 0x000001274F575880>, <snowplow_tracker.self_describing_json.SelfDescribingJson object at 0x000001274EB8D310>, <snowplow_tracker.self_describing_json.SelfDescribingJson object at 0x000001274EB74DA0>]}


============================== 22:28:48.309805 | 7ceb27bc-f42f-484e-a5e7-41341619da62 ==============================
[0m22:28:48.309805 [info ] [MainThread]: Running with dbt=1.9.2
[0m22:28:48.309805 [debug] [MainThread]: running dbt with arguments {'printer_width': '80', 'indirect_selection': 'eager', 'log_cache_events': 'False', 'write_json': 'True', 'partial_parse': 'True', 'cache_selected_only': 'False', 'profiles_dir': 'C:\\Users\\MinhThanh\\.dbt', 'fail_fast': 'False', 'version_check': 'True', 'log_path': 'D:\\DE\\DataTalks\\project\\de_project\\logs', 'debug': 'False', 'warn_error': 'None', 'use_colors': 'True', 'use_experimental_parser': 'False', 'no_print': 'None', 'quiet': 'False', 'empty': 'False', 'log_format': 'default', 'static_parser': 'True', 'invocation_command': 'dbt run --select report2', 'warn_error_options': 'WarnErrorOptions(include=[], exclude=[])', 'target_path': 'None', 'introspect': 'True', 'send_anonymous_usage_stats': 'True'}
[0m22:28:48.517487 [debug] [MainThread]: Sending event: {'category': 'dbt', 'action': 'project_id', 'label': '7ceb27bc-f42f-484e-a5e7-41341619da62', 'context': [<snowplow_tracker.self_describing_json.SelfDescribingJson object at 0x0000012751FC2840>]}
[0m22:28:48.563805 [debug] [MainThread]: Sending event: {'category': 'dbt', 'action': 'adapter_info', 'label': '7ceb27bc-f42f-484e-a5e7-41341619da62', 'context': [<snowplow_tracker.self_describing_json.SelfDescribingJson object at 0x00000127518AD1F0>]}
[0m22:28:48.563805 [info ] [MainThread]: Registered adapter: postgres=1.9.0
[0m22:28:48.743753 [debug] [MainThread]: checksum: 12b12750b70de726cfd89136b8e24afc3f3e77597a97bff40ab7e5f9b39d5e18, vars: {}, profile: , target: , version: 1.9.2
[0m22:28:48.859588 [debug] [MainThread]: Partial parsing enabled: 0 files deleted, 0 files added, 1 files changed.
[0m22:28:48.859588 [debug] [MainThread]: Partial parsing: updated file: de_project://models\staging\report2.sql
[0m22:28:49.080549 [debug] [MainThread]: Sending event: {'category': 'dbt', 'action': 'load_project', 'label': '7ceb27bc-f42f-484e-a5e7-41341619da62', 'context': [<snowplow_tracker.self_describing_json.SelfDescribingJson object at 0x0000012753D3E8A0>]}
[0m22:28:49.150785 [debug] [MainThread]: Wrote artifact WritableManifest to D:\DE\DataTalks\project\de_project\target\manifest.json
[0m22:28:49.153785 [debug] [MainThread]: Wrote artifact SemanticManifest to D:\DE\DataTalks\project\de_project\target\semantic_manifest.json
[0m22:28:49.170074 [debug] [MainThread]: Sending event: {'category': 'dbt', 'action': 'resource_counts', 'label': '7ceb27bc-f42f-484e-a5e7-41341619da62', 'context': [<snowplow_tracker.self_describing_json.SelfDescribingJson object at 0x0000012753D0FA70>]}
[0m22:28:49.170074 [info ] [MainThread]: Found 4 models, 4 data tests, 433 macros
[0m22:28:49.171162 [debug] [MainThread]: Sending event: {'category': 'dbt', 'action': 'runnable_timing', 'label': '7ceb27bc-f42f-484e-a5e7-41341619da62', 'context': [<snowplow_tracker.self_describing_json.SelfDescribingJson object at 0x0000012753D32F60>]}
[0m22:28:49.172168 [info ] [MainThread]: 
[0m22:28:49.173385 [info ] [MainThread]: Concurrency: 4 threads (target='dev')
[0m22:28:49.174033 [info ] [MainThread]: 
[0m22:28:49.174563 [debug] [MainThread]: Acquiring new postgres connection 'master'
[0m22:28:49.175662 [debug] [ThreadPool]: Acquiring new postgres connection 'list_warehouse'
[0m22:28:49.229306 [debug] [ThreadPool]: Using postgres connection "list_warehouse"
[0m22:28:49.230538 [debug] [ThreadPool]: On list_warehouse: /* {"app": "dbt", "dbt_version": "1.9.2", "profile_name": "de_project", "target_name": "dev", "connection_name": "list_warehouse"} */

    select distinct nspname from pg_namespace
  
[0m22:28:49.231829 [debug] [ThreadPool]: Opening a new connection, currently in state init
[0m22:28:49.314286 [debug] [ThreadPool]: SQL status: SELECT 4 in 0.090 seconds
[0m22:28:49.314286 [debug] [ThreadPool]: On list_warehouse: Close
[0m22:28:49.328074 [debug] [ThreadPool]: Acquiring new postgres connection 'list_warehouse_public'
[0m22:28:49.337259 [debug] [ThreadPool]: Using postgres connection "list_warehouse_public"
[0m22:28:49.337259 [debug] [ThreadPool]: On list_warehouse_public: BEGIN
[0m22:28:49.337259 [debug] [ThreadPool]: Opening a new connection, currently in state init
[0m22:28:49.413238 [debug] [ThreadPool]: SQL status: BEGIN in 0.077 seconds
[0m22:28:49.413238 [debug] [ThreadPool]: Using postgres connection "list_warehouse_public"
[0m22:28:49.413238 [debug] [ThreadPool]: On list_warehouse_public: /* {"app": "dbt", "dbt_version": "1.9.2", "profile_name": "de_project", "target_name": "dev", "connection_name": "list_warehouse_public"} */
select
      'warehouse' as database,
      tablename as name,
      schemaname as schema,
      'table' as type
    from pg_tables
    where schemaname ilike 'public'
    union all
    select
      'warehouse' as database,
      viewname as name,
      schemaname as schema,
      'view' as type
    from pg_views
    where schemaname ilike 'public'
    union all
    select
      'warehouse' as database,
      matviewname as name,
      schemaname as schema,
      'materialized_view' as type
    from pg_matviews
    where schemaname ilike 'public'
  
[0m22:28:49.418695 [debug] [ThreadPool]: SQL status: SELECT 5 in 0.006 seconds
[0m22:28:49.424842 [debug] [ThreadPool]: On list_warehouse_public: ROLLBACK
[0m22:28:49.424842 [debug] [ThreadPool]: On list_warehouse_public: Close
[0m22:28:49.433081 [debug] [MainThread]: Using postgres connection "master"
[0m22:28:49.433081 [debug] [MainThread]: On master: BEGIN
[0m22:28:49.433081 [debug] [MainThread]: Opening a new connection, currently in state init
[0m22:28:49.485585 [debug] [MainThread]: SQL status: BEGIN in 0.053 seconds
[0m22:28:49.485585 [debug] [MainThread]: Using postgres connection "master"
[0m22:28:49.485585 [debug] [MainThread]: On master: /* {"app": "dbt", "dbt_version": "1.9.2", "profile_name": "de_project", "target_name": "dev", "connection_name": "master"} */
with relation as (
        select
            pg_rewrite.ev_class as class,
            pg_rewrite.oid as id
        from pg_rewrite
    ),
    class as (
        select
            oid as id,
            relname as name,
            relnamespace as schema,
            relkind as kind
        from pg_class
    ),
    dependency as (
        select distinct
            pg_depend.objid as id,
            pg_depend.refobjid as ref
        from pg_depend
    ),
    schema as (
        select
            pg_namespace.oid as id,
            pg_namespace.nspname as name
        from pg_namespace
        where nspname != 'information_schema' and nspname not like 'pg\_%'
    ),
    referenced as (
        select
            relation.id AS id,
            referenced_class.name ,
            referenced_class.schema ,
            referenced_class.kind
        from relation
        join class as referenced_class on relation.class=referenced_class.id
        where referenced_class.kind in ('r', 'v', 'm')
    ),
    relationships as (
        select
            referenced.name as referenced_name,
            referenced.schema as referenced_schema_id,
            dependent_class.name as dependent_name,
            dependent_class.schema as dependent_schema_id,
            referenced.kind as kind
        from referenced
        join dependency on referenced.id=dependency.id
        join class as dependent_class on dependency.ref=dependent_class.id
        where
            (referenced.name != dependent_class.name or
             referenced.schema != dependent_class.schema)
    )

    select
        referenced_schema.name as referenced_schema,
        relationships.referenced_name as referenced_name,
        dependent_schema.name as dependent_schema,
        relationships.dependent_name as dependent_name
    from relationships
    join schema as dependent_schema on relationships.dependent_schema_id=dependent_schema.id
    join schema as referenced_schema on relationships.referenced_schema_id=referenced_schema.id
    group by referenced_schema, referenced_name, dependent_schema, dependent_name
    order by referenced_schema, referenced_name, dependent_schema, dependent_name;
[0m22:28:49.495669 [debug] [MainThread]: SQL status: SELECT 3 in 0.009 seconds
[0m22:28:49.495669 [debug] [MainThread]: Sending event: {'category': 'dbt', 'action': 'runnable_timing', 'label': '7ceb27bc-f42f-484e-a5e7-41341619da62', 'context': [<snowplow_tracker.self_describing_json.SelfDescribingJson object at 0x00000127527ABB00>]}
[0m22:28:49.495669 [debug] [MainThread]: On master: ROLLBACK
[0m22:28:49.495669 [debug] [MainThread]: Using postgres connection "master"
[0m22:28:49.495669 [debug] [MainThread]: On master: BEGIN
[0m22:28:49.495669 [debug] [MainThread]: SQL status: BEGIN in 0.002 seconds
[0m22:28:49.495669 [debug] [MainThread]: On master: COMMIT
[0m22:28:49.495669 [debug] [MainThread]: Using postgres connection "master"
[0m22:28:49.495669 [debug] [MainThread]: On master: COMMIT
[0m22:28:49.495669 [debug] [MainThread]: SQL status: COMMIT in 0.001 seconds
[0m22:28:49.495669 [debug] [MainThread]: On master: Close
[0m22:28:49.508919 [debug] [Thread-1 (]: Began running node model.de_project.report2
[0m22:28:49.508919 [info ] [Thread-1 (]: 1 of 1 START sql view model public.report2 ..................................... [RUN]
[0m22:28:49.511558 [debug] [Thread-1 (]: Acquiring new postgres connection 'model.de_project.report2'
[0m22:28:49.513569 [debug] [Thread-1 (]: Began compiling node model.de_project.report2
[0m22:28:49.519558 [debug] [Thread-1 (]: Writing injected SQL for node "model.de_project.report2"
[0m22:28:49.521565 [debug] [Thread-1 (]: Began executing node model.de_project.report2
[0m22:28:49.566679 [debug] [Thread-1 (]: Writing runtime sql for node "model.de_project.report2"
[0m22:28:49.567680 [debug] [Thread-1 (]: Using postgres connection "model.de_project.report2"
[0m22:28:49.568682 [debug] [Thread-1 (]: On model.de_project.report2: BEGIN
[0m22:28:49.568682 [debug] [Thread-1 (]: Opening a new connection, currently in state init
[0m22:28:49.613751 [debug] [Thread-1 (]: SQL status: BEGIN in 0.050 seconds
[0m22:28:49.613751 [debug] [Thread-1 (]: Using postgres connection "model.de_project.report2"
[0m22:28:49.613751 [debug] [Thread-1 (]: On model.de_project.report2: /* {"app": "dbt", "dbt_version": "1.9.2", "profile_name": "de_project", "target_name": "dev", "node_id": "model.de_project.report2"} */

  create view "warehouse"."public"."report2__dbt_tmp"
    
    
  as (
    WITH financial_transactions_by_years as (
    SELECT unique_id,
    date_part( 'year',"date") as year,
    amount,
    customer_id,
    type
    FROM public.financial_transactions
)

SELECT 'year', COUNT(unique_id) as users
FROM
financial_transactions_by_years
GROUP BY 'year'
  );
[0m22:28:49.620421 [debug] [Thread-1 (]: Postgres adapter: Postgres error: non-integer constant in GROUP BY
LINE 19: GROUP BY 'year'
                  ^

[0m22:28:49.620421 [debug] [Thread-1 (]: On model.de_project.report2: ROLLBACK
[0m22:28:49.620421 [debug] [Thread-1 (]: On model.de_project.report2: Close
[0m22:28:49.620421 [debug] [Thread-1 (]: Database Error in model report2 (models\staging\report2.sql)
  non-integer constant in GROUP BY
  LINE 19: GROUP BY 'year'
                    ^
  compiled code at target\run\de_project\models\staging\report2.sql
[0m22:28:49.629760 [debug] [Thread-1 (]: Sending event: {'category': 'dbt', 'action': 'run_model', 'label': '7ceb27bc-f42f-484e-a5e7-41341619da62', 'context': [<snowplow_tracker.self_describing_json.SelfDescribingJson object at 0x00000127517CC0E0>]}
[0m22:28:49.629760 [error] [Thread-1 (]: 1 of 1 ERROR creating sql view model public.report2 ............................ [[31mERROR[0m in 0.12s]
[0m22:28:49.629760 [debug] [Thread-1 (]: Finished running node model.de_project.report2
[0m22:28:49.629760 [debug] [Thread-7 (]: Marking all children of 'model.de_project.report2' to be skipped because of status 'error'.  Reason: Database Error in model report2 (models\staging\report2.sql)
  non-integer constant in GROUP BY
  LINE 19: GROUP BY 'year'
                    ^
  compiled code at target\run\de_project\models\staging\report2.sql.
[0m22:28:49.634132 [debug] [MainThread]: Using postgres connection "master"
[0m22:28:49.634132 [debug] [MainThread]: On master: BEGIN
[0m22:28:49.634132 [debug] [MainThread]: Opening a new connection, currently in state closed
[0m22:28:49.696807 [debug] [MainThread]: SQL status: BEGIN in 0.061 seconds
[0m22:28:49.696807 [debug] [MainThread]: On master: COMMIT
[0m22:28:49.697840 [debug] [MainThread]: Using postgres connection "master"
[0m22:28:49.697840 [debug] [MainThread]: On master: COMMIT
[0m22:28:49.699842 [debug] [MainThread]: SQL status: COMMIT in 0.001 seconds
[0m22:28:49.699842 [debug] [MainThread]: On master: Close
[0m22:28:49.700842 [debug] [MainThread]: Connection 'master' was properly closed.
[0m22:28:49.701852 [debug] [MainThread]: Connection 'list_warehouse' was properly closed.
[0m22:28:49.701852 [debug] [MainThread]: Connection 'list_warehouse_public' was properly closed.
[0m22:28:49.701852 [debug] [MainThread]: Connection 'model.de_project.report2' was properly closed.
[0m22:28:49.702840 [info ] [MainThread]: 
[0m22:28:49.703841 [info ] [MainThread]: Finished running 1 view model in 0 hours 0 minutes and 0.53 seconds (0.53s).
[0m22:28:49.704847 [debug] [MainThread]: Command end result
[0m22:28:49.714255 [debug] [MainThread]: Wrote artifact WritableManifest to D:\DE\DataTalks\project\de_project\target\manifest.json
[0m22:28:49.727677 [debug] [MainThread]: Wrote artifact SemanticManifest to D:\DE\DataTalks\project\de_project\target\semantic_manifest.json
[0m22:28:49.733764 [debug] [MainThread]: Wrote artifact RunExecutionResult to D:\DE\DataTalks\project\de_project\target\run_results.json
[0m22:28:49.733764 [info ] [MainThread]: 
[0m22:28:49.733764 [info ] [MainThread]: [31mCompleted with 1 error, 0 partial successes, and 0 warnings:[0m
[0m22:28:49.733764 [info ] [MainThread]: 
[0m22:28:49.733764 [error] [MainThread]:   Database Error in model report2 (models\staging\report2.sql)
  non-integer constant in GROUP BY
  LINE 19: GROUP BY 'year'
                    ^
  compiled code at target\run\de_project\models\staging\report2.sql
[0m22:28:49.733764 [info ] [MainThread]: 
[0m22:28:49.733764 [info ] [MainThread]: Done. PASS=0 WARN=0 ERROR=1 SKIP=0 TOTAL=1
[0m22:28:49.733764 [debug] [MainThread]: Command `dbt run` failed at 22:28:49.733764 after 1.59 seconds
[0m22:28:49.733764 [debug] [MainThread]: Sending event: {'category': 'dbt', 'action': 'invocation', 'label': 'end', 'context': [<snowplow_tracker.self_describing_json.SelfDescribingJson object at 0x0000012751E670B0>, <snowplow_tracker.self_describing_json.SelfDescribingJson object at 0x0000012751E67020>, <snowplow_tracker.self_describing_json.SelfDescribingJson object at 0x0000012751E65E50>]}
[0m22:28:49.733764 [debug] [MainThread]: Flushing usage events
[0m22:28:50.974706 [debug] [MainThread]: An error was encountered while trying to flush usage events
[0m22:29:04.229084 [debug] [MainThread]: Sending event: {'category': 'dbt', 'action': 'invocation', 'label': 'start', 'context': [<snowplow_tracker.self_describing_json.SelfDescribingJson object at 0x000001AB4B741CA0>, <snowplow_tracker.self_describing_json.SelfDescribingJson object at 0x000001AB4E877FE0>, <snowplow_tracker.self_describing_json.SelfDescribingJson object at 0x000001AB4C9CA180>]}


============================== 22:29:04.233017 | 1f0cffac-3fad-48ac-924b-9af83fbf5dc1 ==============================
[0m22:29:04.233017 [info ] [MainThread]: Running with dbt=1.9.2
[0m22:29:04.233522 [debug] [MainThread]: running dbt with arguments {'printer_width': '80', 'indirect_selection': 'eager', 'log_cache_events': 'False', 'write_json': 'True', 'partial_parse': 'True', 'cache_selected_only': 'False', 'profiles_dir': 'C:\\Users\\MinhThanh\\.dbt', 'fail_fast': 'False', 'version_check': 'True', 'log_path': 'D:\\DE\\DataTalks\\project\\de_project\\logs', 'debug': 'False', 'warn_error': 'None', 'use_colors': 'True', 'use_experimental_parser': 'False', 'no_print': 'None', 'quiet': 'False', 'empty': 'False', 'log_format': 'default', 'static_parser': 'True', 'warn_error_options': 'WarnErrorOptions(include=[], exclude=[])', 'invocation_command': 'dbt run --select report2', 'target_path': 'None', 'introspect': 'True', 'send_anonymous_usage_stats': 'True'}
[0m22:29:04.400124 [debug] [MainThread]: Sending event: {'category': 'dbt', 'action': 'project_id', 'label': '1f0cffac-3fad-48ac-924b-9af83fbf5dc1', 'context': [<snowplow_tracker.self_describing_json.SelfDescribingJson object at 0x000001AB4EF32B40>]}
[0m22:29:04.455225 [debug] [MainThread]: Sending event: {'category': 'dbt', 'action': 'adapter_info', 'label': '1f0cffac-3fad-48ac-924b-9af83fbf5dc1', 'context': [<snowplow_tracker.self_describing_json.SelfDescribingJson object at 0x000001AB4CB487A0>]}
[0m22:29:04.455225 [info ] [MainThread]: Registered adapter: postgres=1.9.0
[0m22:29:04.598900 [debug] [MainThread]: checksum: 12b12750b70de726cfd89136b8e24afc3f3e77597a97bff40ab7e5f9b39d5e18, vars: {}, profile: , target: , version: 1.9.2
[0m22:29:04.710874 [debug] [MainThread]: Partial parsing enabled: 0 files deleted, 0 files added, 1 files changed.
[0m22:29:04.710874 [debug] [MainThread]: Partial parsing: updated file: de_project://models\staging\report2.sql
[0m22:29:04.947970 [debug] [MainThread]: Sending event: {'category': 'dbt', 'action': 'load_project', 'label': '1f0cffac-3fad-48ac-924b-9af83fbf5dc1', 'context': [<snowplow_tracker.self_describing_json.SelfDescribingJson object at 0x000001AB5064C9E0>]}
[0m22:29:05.011108 [debug] [MainThread]: Wrote artifact WritableManifest to D:\DE\DataTalks\project\de_project\target\manifest.json
[0m22:29:05.011108 [debug] [MainThread]: Wrote artifact SemanticManifest to D:\DE\DataTalks\project\de_project\target\semantic_manifest.json
[0m22:29:05.027196 [debug] [MainThread]: Sending event: {'category': 'dbt', 'action': 'resource_counts', 'label': '1f0cffac-3fad-48ac-924b-9af83fbf5dc1', 'context': [<snowplow_tracker.self_describing_json.SelfDescribingJson object at 0x000001AB5078FFE0>]}
[0m22:29:05.027196 [info ] [MainThread]: Found 4 models, 4 data tests, 433 macros
[0m22:29:05.027196 [debug] [MainThread]: Sending event: {'category': 'dbt', 'action': 'runnable_timing', 'label': '1f0cffac-3fad-48ac-924b-9af83fbf5dc1', 'context': [<snowplow_tracker.self_describing_json.SelfDescribingJson object at 0x000001AB4F49C860>]}
[0m22:29:05.033032 [info ] [MainThread]: 
[0m22:29:05.033032 [info ] [MainThread]: Concurrency: 4 threads (target='dev')
[0m22:29:05.033032 [info ] [MainThread]: 
[0m22:29:05.033032 [debug] [MainThread]: Acquiring new postgres connection 'master'
[0m22:29:05.033032 [debug] [ThreadPool]: Acquiring new postgres connection 'list_warehouse'
[0m22:29:05.088807 [debug] [ThreadPool]: Using postgres connection "list_warehouse"
[0m22:29:05.088807 [debug] [ThreadPool]: On list_warehouse: /* {"app": "dbt", "dbt_version": "1.9.2", "profile_name": "de_project", "target_name": "dev", "connection_name": "list_warehouse"} */

    select distinct nspname from pg_namespace
  
[0m22:29:05.090813 [debug] [ThreadPool]: Opening a new connection, currently in state init
[0m22:29:05.152573 [debug] [ThreadPool]: SQL status: SELECT 4 in 0.062 seconds
[0m22:29:05.153579 [debug] [ThreadPool]: On list_warehouse: Close
[0m22:29:05.158590 [debug] [ThreadPool]: Acquiring new postgres connection 'list_warehouse_public'
[0m22:29:05.166016 [debug] [ThreadPool]: Using postgres connection "list_warehouse_public"
[0m22:29:05.167100 [debug] [ThreadPool]: On list_warehouse_public: BEGIN
[0m22:29:05.167100 [debug] [ThreadPool]: Opening a new connection, currently in state init
[0m22:29:05.198263 [debug] [ThreadPool]: SQL status: BEGIN in 0.044 seconds
[0m22:29:05.198263 [debug] [ThreadPool]: Using postgres connection "list_warehouse_public"
[0m22:29:05.198263 [debug] [ThreadPool]: On list_warehouse_public: /* {"app": "dbt", "dbt_version": "1.9.2", "profile_name": "de_project", "target_name": "dev", "connection_name": "list_warehouse_public"} */
select
      'warehouse' as database,
      tablename as name,
      schemaname as schema,
      'table' as type
    from pg_tables
    where schemaname ilike 'public'
    union all
    select
      'warehouse' as database,
      viewname as name,
      schemaname as schema,
      'view' as type
    from pg_views
    where schemaname ilike 'public'
    union all
    select
      'warehouse' as database,
      matviewname as name,
      schemaname as schema,
      'materialized_view' as type
    from pg_matviews
    where schemaname ilike 'public'
  
[0m22:29:05.214043 [debug] [ThreadPool]: SQL status: SELECT 5 in 0.005 seconds
[0m22:29:05.214043 [debug] [ThreadPool]: On list_warehouse_public: ROLLBACK
[0m22:29:05.214043 [debug] [ThreadPool]: On list_warehouse_public: Close
[0m22:29:05.214043 [debug] [MainThread]: Using postgres connection "master"
[0m22:29:05.214043 [debug] [MainThread]: On master: BEGIN
[0m22:29:05.214043 [debug] [MainThread]: Opening a new connection, currently in state init
[0m22:29:05.276738 [debug] [MainThread]: SQL status: BEGIN in 0.051 seconds
[0m22:29:05.276738 [debug] [MainThread]: Using postgres connection "master"
[0m22:29:05.278745 [debug] [MainThread]: On master: /* {"app": "dbt", "dbt_version": "1.9.2", "profile_name": "de_project", "target_name": "dev", "connection_name": "master"} */
with relation as (
        select
            pg_rewrite.ev_class as class,
            pg_rewrite.oid as id
        from pg_rewrite
    ),
    class as (
        select
            oid as id,
            relname as name,
            relnamespace as schema,
            relkind as kind
        from pg_class
    ),
    dependency as (
        select distinct
            pg_depend.objid as id,
            pg_depend.refobjid as ref
        from pg_depend
    ),
    schema as (
        select
            pg_namespace.oid as id,
            pg_namespace.nspname as name
        from pg_namespace
        where nspname != 'information_schema' and nspname not like 'pg\_%'
    ),
    referenced as (
        select
            relation.id AS id,
            referenced_class.name ,
            referenced_class.schema ,
            referenced_class.kind
        from relation
        join class as referenced_class on relation.class=referenced_class.id
        where referenced_class.kind in ('r', 'v', 'm')
    ),
    relationships as (
        select
            referenced.name as referenced_name,
            referenced.schema as referenced_schema_id,
            dependent_class.name as dependent_name,
            dependent_class.schema as dependent_schema_id,
            referenced.kind as kind
        from referenced
        join dependency on referenced.id=dependency.id
        join class as dependent_class on dependency.ref=dependent_class.id
        where
            (referenced.name != dependent_class.name or
             referenced.schema != dependent_class.schema)
    )

    select
        referenced_schema.name as referenced_schema,
        relationships.referenced_name as referenced_name,
        dependent_schema.name as dependent_schema,
        relationships.dependent_name as dependent_name
    from relationships
    join schema as dependent_schema on relationships.dependent_schema_id=dependent_schema.id
    join schema as referenced_schema on relationships.referenced_schema_id=referenced_schema.id
    group by referenced_schema, referenced_name, dependent_schema, dependent_name
    order by referenced_schema, referenced_name, dependent_schema, dependent_name;
[0m22:29:05.282758 [debug] [MainThread]: SQL status: SELECT 3 in 0.008 seconds
[0m22:29:05.289183 [debug] [MainThread]: Sending event: {'category': 'dbt', 'action': 'runnable_timing', 'label': '1f0cffac-3fad-48ac-924b-9af83fbf5dc1', 'context': [<snowplow_tracker.self_describing_json.SelfDescribingJson object at 0x000001AB4EEABC20>]}
[0m22:29:05.289183 [debug] [MainThread]: On master: ROLLBACK
[0m22:29:05.289183 [debug] [MainThread]: Using postgres connection "master"
[0m22:29:05.289183 [debug] [MainThread]: On master: BEGIN
[0m22:29:05.292413 [debug] [MainThread]: SQL status: BEGIN in 0.001 seconds
[0m22:29:05.292413 [debug] [MainThread]: On master: COMMIT
[0m22:29:05.292413 [debug] [MainThread]: Using postgres connection "master"
[0m22:29:05.292413 [debug] [MainThread]: On master: COMMIT
[0m22:29:05.294589 [debug] [MainThread]: SQL status: COMMIT in 0.001 seconds
[0m22:29:05.294589 [debug] [MainThread]: On master: Close
[0m22:29:05.294589 [debug] [Thread-1 (]: Began running node model.de_project.report2
[0m22:29:05.294589 [info ] [Thread-1 (]: 1 of 1 START sql view model public.report2 ..................................... [RUN]
[0m22:29:05.294589 [debug] [Thread-1 (]: Acquiring new postgres connection 'model.de_project.report2'
[0m22:29:05.300644 [debug] [Thread-1 (]: Began compiling node model.de_project.report2
[0m22:29:05.300644 [debug] [Thread-1 (]: Writing injected SQL for node "model.de_project.report2"
[0m22:29:05.300644 [debug] [Thread-1 (]: Began executing node model.de_project.report2
[0m22:29:05.343593 [debug] [Thread-1 (]: Writing runtime sql for node "model.de_project.report2"
[0m22:29:05.343593 [debug] [Thread-1 (]: Using postgres connection "model.de_project.report2"
[0m22:29:05.344594 [debug] [Thread-1 (]: On model.de_project.report2: BEGIN
[0m22:29:05.344594 [debug] [Thread-1 (]: Opening a new connection, currently in state init
[0m22:29:05.399686 [debug] [Thread-1 (]: SQL status: BEGIN in 0.056 seconds
[0m22:29:05.399686 [debug] [Thread-1 (]: Using postgres connection "model.de_project.report2"
[0m22:29:05.399686 [debug] [Thread-1 (]: On model.de_project.report2: /* {"app": "dbt", "dbt_version": "1.9.2", "profile_name": "de_project", "target_name": "dev", "node_id": "model.de_project.report2"} */

  create view "warehouse"."public"."report2__dbt_tmp"
    
    
  as (
    WITH financial_transactions_by_years as (
    SELECT unique_id,
    date_part( 'year',"date") as year,
    amount,
    customer_id,
    type
    FROM public.financial_transactions
)

SELECT 'year', COUNT(unique_id) as users
FROM
financial_transactions_by_years
GROUP BY year
  );
[0m22:29:05.399686 [debug] [Thread-1 (]: SQL status: CREATE VIEW in 0.005 seconds
[0m22:29:05.411387 [debug] [Thread-1 (]: Using postgres connection "model.de_project.report2"
[0m22:29:05.411387 [debug] [Thread-1 (]: On model.de_project.report2: /* {"app": "dbt", "dbt_version": "1.9.2", "profile_name": "de_project", "target_name": "dev", "node_id": "model.de_project.report2"} */
alter table "warehouse"."public"."report2" rename to "report2__dbt_backup"
[0m22:29:05.415401 [debug] [Thread-1 (]: SQL status: ALTER TABLE in 0.001 seconds
[0m22:29:05.415401 [debug] [Thread-1 (]: Using postgres connection "model.de_project.report2"
[0m22:29:05.415401 [debug] [Thread-1 (]: On model.de_project.report2: /* {"app": "dbt", "dbt_version": "1.9.2", "profile_name": "de_project", "target_name": "dev", "node_id": "model.de_project.report2"} */
alter table "warehouse"."public"."report2__dbt_tmp" rename to "report2"
[0m22:29:05.415401 [debug] [Thread-1 (]: SQL status: ALTER TABLE in 0.001 seconds
[0m22:29:05.431278 [debug] [Thread-1 (]: On model.de_project.report2: COMMIT
[0m22:29:05.431278 [debug] [Thread-1 (]: Using postgres connection "model.de_project.report2"
[0m22:29:05.431278 [debug] [Thread-1 (]: On model.de_project.report2: COMMIT
[0m22:29:05.431278 [debug] [Thread-1 (]: SQL status: COMMIT in 0.004 seconds
[0m22:29:05.449089 [debug] [Thread-1 (]: Applying DROP to: "warehouse"."public"."report2__dbt_backup"
[0m22:29:05.454051 [debug] [Thread-1 (]: Using postgres connection "model.de_project.report2"
[0m22:29:05.455052 [debug] [Thread-1 (]: On model.de_project.report2: /* {"app": "dbt", "dbt_version": "1.9.2", "profile_name": "de_project", "target_name": "dev", "node_id": "model.de_project.report2"} */
drop view if exists "warehouse"."public"."report2__dbt_backup" cascade
[0m22:29:05.459927 [debug] [Thread-1 (]: SQL status: DROP VIEW in 0.005 seconds
[0m22:29:05.462025 [debug] [Thread-1 (]: On model.de_project.report2: Close
[0m22:29:05.464928 [debug] [Thread-1 (]: Sending event: {'category': 'dbt', 'action': 'run_model', 'label': '1f0cffac-3fad-48ac-924b-9af83fbf5dc1', 'context': [<snowplow_tracker.self_describing_json.SelfDescribingJson object at 0x000001AB4C11A3F0>]}
[0m22:29:05.466251 [info ] [Thread-1 (]: 1 of 1 OK created sql view model public.report2 ................................ [[32mCREATE VIEW[0m in 0.17s]
[0m22:29:05.467534 [debug] [Thread-1 (]: Finished running node model.de_project.report2
[0m22:29:05.469536 [debug] [MainThread]: Using postgres connection "master"
[0m22:29:05.470631 [debug] [MainThread]: On master: BEGIN
[0m22:29:05.470631 [debug] [MainThread]: Opening a new connection, currently in state closed
[0m22:29:05.526831 [debug] [MainThread]: SQL status: BEGIN in 0.057 seconds
[0m22:29:05.527831 [debug] [MainThread]: On master: COMMIT
[0m22:29:05.527831 [debug] [MainThread]: Using postgres connection "master"
[0m22:29:05.527831 [debug] [MainThread]: On master: COMMIT
[0m22:29:05.528831 [debug] [MainThread]: SQL status: COMMIT in 0.001 seconds
[0m22:29:05.529831 [debug] [MainThread]: On master: Close
[0m22:29:05.530831 [debug] [MainThread]: Connection 'master' was properly closed.
[0m22:29:05.530831 [debug] [MainThread]: Connection 'list_warehouse' was properly closed.
[0m22:29:05.530831 [debug] [MainThread]: Connection 'list_warehouse_public' was properly closed.
[0m22:29:05.530831 [debug] [MainThread]: Connection 'model.de_project.report2' was properly closed.
[0m22:29:05.531836 [info ] [MainThread]: 
[0m22:29:05.532721 [info ] [MainThread]: Finished running 1 view model in 0 hours 0 minutes and 0.50 seconds (0.50s).
[0m22:29:05.533952 [debug] [MainThread]: Command end result
[0m22:29:05.550561 [debug] [MainThread]: Wrote artifact WritableManifest to D:\DE\DataTalks\project\de_project\target\manifest.json
[0m22:29:05.556507 [debug] [MainThread]: Wrote artifact SemanticManifest to D:\DE\DataTalks\project\de_project\target\semantic_manifest.json
[0m22:29:05.561447 [debug] [MainThread]: Wrote artifact RunExecutionResult to D:\DE\DataTalks\project\de_project\target\run_results.json
[0m22:29:05.561447 [info ] [MainThread]: 
[0m22:29:05.562726 [info ] [MainThread]: [32mCompleted successfully[0m
[0m22:29:05.563537 [info ] [MainThread]: 
[0m22:29:05.563537 [info ] [MainThread]: Done. PASS=1 WARN=0 ERROR=0 SKIP=0 TOTAL=1
[0m22:29:05.564547 [debug] [MainThread]: Command `dbt run` succeeded at 22:29:05.564547 after 1.49 seconds
[0m22:29:05.565542 [debug] [MainThread]: Sending event: {'category': 'dbt', 'action': 'invocation', 'label': 'end', 'context': [<snowplow_tracker.self_describing_json.SelfDescribingJson object at 0x000001AB4B741CA0>, <snowplow_tracker.self_describing_json.SelfDescribingJson object at 0x000001AB4EC02210>, <snowplow_tracker.self_describing_json.SelfDescribingJson object at 0x000001AB5077BFE0>]}
[0m22:29:05.566751 [debug] [MainThread]: Flushing usage events
[0m22:29:06.732249 [debug] [MainThread]: An error was encountered while trying to flush usage events
[0m22:30:57.679243 [debug] [MainThread]: Sending event: {'category': 'dbt', 'action': 'invocation', 'label': 'start', 'context': [<snowplow_tracker.self_describing_json.SelfDescribingJson object at 0x0000027B236FD400>, <snowplow_tracker.self_describing_json.SelfDescribingJson object at 0x0000027B236FE1B0>, <snowplow_tracker.self_describing_json.SelfDescribingJson object at 0x0000027B2128B7A0>]}


============================== 22:30:57.687745 | 41201ac6-1e0d-430a-9c2a-902cec4d9b51 ==============================
[0m22:30:57.687745 [info ] [MainThread]: Running with dbt=1.9.2
[0m22:30:57.687745 [debug] [MainThread]: running dbt with arguments {'printer_width': '80', 'indirect_selection': 'eager', 'log_cache_events': 'False', 'write_json': 'True', 'partial_parse': 'True', 'cache_selected_only': 'False', 'profiles_dir': 'C:\\Users\\MinhThanh\\.dbt', 'version_check': 'True', 'warn_error': 'None', 'log_path': 'D:\\DE\\DataTalks\\project\\de_project\\logs', 'debug': 'False', 'fail_fast': 'False', 'use_colors': 'True', 'use_experimental_parser': 'False', 'empty': 'False', 'quiet': 'False', 'no_print': 'None', 'log_format': 'default', 'introspect': 'True', 'static_parser': 'True', 'invocation_command': 'dbt run --select report2', 'target_path': 'None', 'warn_error_options': 'WarnErrorOptions(include=[], exclude=[])', 'send_anonymous_usage_stats': 'True'}
[0m22:30:57.849380 [debug] [MainThread]: Sending event: {'category': 'dbt', 'action': 'project_id', 'label': '41201ac6-1e0d-430a-9c2a-902cec4d9b51', 'context': [<snowplow_tracker.self_describing_json.SelfDescribingJson object at 0x0000027B236D49E0>]}
[0m22:30:57.901310 [debug] [MainThread]: Sending event: {'category': 'dbt', 'action': 'adapter_info', 'label': '41201ac6-1e0d-430a-9c2a-902cec4d9b51', 'context': [<snowplow_tracker.self_describing_json.SelfDescribingJson object at 0x0000027B22D28860>]}
[0m22:30:57.901310 [info ] [MainThread]: Registered adapter: postgres=1.9.0
[0m22:30:58.066153 [debug] [MainThread]: checksum: 12b12750b70de726cfd89136b8e24afc3f3e77597a97bff40ab7e5f9b39d5e18, vars: {}, profile: , target: , version: 1.9.2
[0m22:30:58.188414 [debug] [MainThread]: Partial parsing enabled: 0 files deleted, 0 files added, 0 files changed.
[0m22:30:58.188414 [debug] [MainThread]: Partial parsing enabled, no changes found, skipping parsing
[0m22:30:58.209211 [debug] [MainThread]: Sending event: {'category': 'dbt', 'action': 'load_project', 'label': '41201ac6-1e0d-430a-9c2a-902cec4d9b51', 'context': [<snowplow_tracker.self_describing_json.SelfDescribingJson object at 0x0000027B23CF1250>]}
[0m22:30:58.283078 [debug] [MainThread]: Wrote artifact WritableManifest to D:\DE\DataTalks\project\de_project\target\manifest.json
[0m22:30:58.283078 [debug] [MainThread]: Wrote artifact SemanticManifest to D:\DE\DataTalks\project\de_project\target\semantic_manifest.json
[0m22:30:58.299270 [debug] [MainThread]: Sending event: {'category': 'dbt', 'action': 'resource_counts', 'label': '41201ac6-1e0d-430a-9c2a-902cec4d9b51', 'context': [<snowplow_tracker.self_describing_json.SelfDescribingJson object at 0x0000027B24FBD6D0>]}
[0m22:30:58.299270 [info ] [MainThread]: Found 4 models, 4 data tests, 433 macros
[0m22:30:58.299270 [debug] [MainThread]: Sending event: {'category': 'dbt', 'action': 'runnable_timing', 'label': '41201ac6-1e0d-430a-9c2a-902cec4d9b51', 'context': [<snowplow_tracker.self_describing_json.SelfDescribingJson object at 0x0000027B23E1CE00>]}
[0m22:30:58.306049 [info ] [MainThread]: 
[0m22:30:58.306049 [info ] [MainThread]: Concurrency: 4 threads (target='dev')
[0m22:30:58.306049 [info ] [MainThread]: 
[0m22:30:58.306049 [debug] [MainThread]: Acquiring new postgres connection 'master'
[0m22:30:58.306049 [debug] [ThreadPool]: Acquiring new postgres connection 'list_warehouse'
[0m22:30:58.375044 [debug] [ThreadPool]: Using postgres connection "list_warehouse"
[0m22:30:58.375044 [debug] [ThreadPool]: On list_warehouse: /* {"app": "dbt", "dbt_version": "1.9.2", "profile_name": "de_project", "target_name": "dev", "connection_name": "list_warehouse"} */

    select distinct nspname from pg_namespace
  
[0m22:30:58.375044 [debug] [ThreadPool]: Opening a new connection, currently in state init
[0m22:30:58.433521 [debug] [ThreadPool]: SQL status: SELECT 4 in 0.058 seconds
[0m22:30:58.434428 [debug] [ThreadPool]: On list_warehouse: Close
[0m22:30:58.438675 [debug] [ThreadPool]: Acquiring new postgres connection 'list_warehouse_public'
[0m22:30:58.438675 [debug] [ThreadPool]: Using postgres connection "list_warehouse_public"
[0m22:30:58.438675 [debug] [ThreadPool]: On list_warehouse_public: BEGIN
[0m22:30:58.438675 [debug] [ThreadPool]: Opening a new connection, currently in state init
[0m22:30:58.496453 [debug] [ThreadPool]: SQL status: BEGIN in 0.054 seconds
[0m22:30:58.496453 [debug] [ThreadPool]: Using postgres connection "list_warehouse_public"
[0m22:30:58.496453 [debug] [ThreadPool]: On list_warehouse_public: /* {"app": "dbt", "dbt_version": "1.9.2", "profile_name": "de_project", "target_name": "dev", "connection_name": "list_warehouse_public"} */
select
      'warehouse' as database,
      tablename as name,
      schemaname as schema,
      'table' as type
    from pg_tables
    where schemaname ilike 'public'
    union all
    select
      'warehouse' as database,
      viewname as name,
      schemaname as schema,
      'view' as type
    from pg_views
    where schemaname ilike 'public'
    union all
    select
      'warehouse' as database,
      matviewname as name,
      schemaname as schema,
      'materialized_view' as type
    from pg_matviews
    where schemaname ilike 'public'
  
[0m22:30:58.496453 [debug] [ThreadPool]: SQL status: SELECT 5 in 0.005 seconds
[0m22:30:58.496453 [debug] [ThreadPool]: On list_warehouse_public: ROLLBACK
[0m22:30:58.508727 [debug] [ThreadPool]: On list_warehouse_public: Close
[0m22:30:58.515024 [debug] [MainThread]: Using postgres connection "master"
[0m22:30:58.515024 [debug] [MainThread]: On master: BEGIN
[0m22:30:58.515024 [debug] [MainThread]: Opening a new connection, currently in state init
[0m22:30:58.559813 [debug] [MainThread]: SQL status: BEGIN in 0.051 seconds
[0m22:30:58.559813 [debug] [MainThread]: Using postgres connection "master"
[0m22:30:58.559813 [debug] [MainThread]: On master: /* {"app": "dbt", "dbt_version": "1.9.2", "profile_name": "de_project", "target_name": "dev", "connection_name": "master"} */
with relation as (
        select
            pg_rewrite.ev_class as class,
            pg_rewrite.oid as id
        from pg_rewrite
    ),
    class as (
        select
            oid as id,
            relname as name,
            relnamespace as schema,
            relkind as kind
        from pg_class
    ),
    dependency as (
        select distinct
            pg_depend.objid as id,
            pg_depend.refobjid as ref
        from pg_depend
    ),
    schema as (
        select
            pg_namespace.oid as id,
            pg_namespace.nspname as name
        from pg_namespace
        where nspname != 'information_schema' and nspname not like 'pg\_%'
    ),
    referenced as (
        select
            relation.id AS id,
            referenced_class.name ,
            referenced_class.schema ,
            referenced_class.kind
        from relation
        join class as referenced_class on relation.class=referenced_class.id
        where referenced_class.kind in ('r', 'v', 'm')
    ),
    relationships as (
        select
            referenced.name as referenced_name,
            referenced.schema as referenced_schema_id,
            dependent_class.name as dependent_name,
            dependent_class.schema as dependent_schema_id,
            referenced.kind as kind
        from referenced
        join dependency on referenced.id=dependency.id
        join class as dependent_class on dependency.ref=dependent_class.id
        where
            (referenced.name != dependent_class.name or
             referenced.schema != dependent_class.schema)
    )

    select
        referenced_schema.name as referenced_schema,
        relationships.referenced_name as referenced_name,
        dependent_schema.name as dependent_schema,
        relationships.dependent_name as dependent_name
    from relationships
    join schema as dependent_schema on relationships.dependent_schema_id=dependent_schema.id
    join schema as referenced_schema on relationships.referenced_schema_id=referenced_schema.id
    group by referenced_schema, referenced_name, dependent_schema, dependent_name
    order by referenced_schema, referenced_name, dependent_schema, dependent_name;
[0m22:30:58.575929 [debug] [MainThread]: SQL status: SELECT 3 in 0.007 seconds
[0m22:30:58.575929 [debug] [MainThread]: Sending event: {'category': 'dbt', 'action': 'runnable_timing', 'label': '41201ac6-1e0d-430a-9c2a-902cec4d9b51', 'context': [<snowplow_tracker.self_describing_json.SelfDescribingJson object at 0x0000027B23837A70>]}
[0m22:30:58.575929 [debug] [MainThread]: On master: ROLLBACK
[0m22:30:58.575929 [debug] [MainThread]: Using postgres connection "master"
[0m22:30:58.575929 [debug] [MainThread]: On master: BEGIN
[0m22:30:58.575929 [debug] [MainThread]: SQL status: BEGIN in 0.001 seconds
[0m22:30:58.575929 [debug] [MainThread]: On master: COMMIT
[0m22:30:58.575929 [debug] [MainThread]: Using postgres connection "master"
[0m22:30:58.575929 [debug] [MainThread]: On master: COMMIT
[0m22:30:58.575929 [debug] [MainThread]: SQL status: COMMIT in 0.001 seconds
[0m22:30:58.575929 [debug] [MainThread]: On master: Close
[0m22:30:58.587528 [debug] [Thread-1 (]: Began running node model.de_project.report2
[0m22:30:58.587528 [info ] [Thread-1 (]: 1 of 1 START sql view model public.report2 ..................................... [RUN]
[0m22:30:58.587528 [debug] [Thread-1 (]: Acquiring new postgres connection 'model.de_project.report2'
[0m22:30:58.587528 [debug] [Thread-1 (]: Began compiling node model.de_project.report2
[0m22:30:58.592279 [debug] [Thread-1 (]: Writing injected SQL for node "model.de_project.report2"
[0m22:30:58.592279 [debug] [Thread-1 (]: Began executing node model.de_project.report2
[0m22:30:58.637077 [debug] [Thread-1 (]: Writing runtime sql for node "model.de_project.report2"
[0m22:30:58.638073 [debug] [Thread-1 (]: Using postgres connection "model.de_project.report2"
[0m22:30:58.638073 [debug] [Thread-1 (]: On model.de_project.report2: BEGIN
[0m22:30:58.638073 [debug] [Thread-1 (]: Opening a new connection, currently in state init
[0m22:30:58.683497 [debug] [Thread-1 (]: SQL status: BEGIN in 0.056 seconds
[0m22:30:58.683497 [debug] [Thread-1 (]: Using postgres connection "model.de_project.report2"
[0m22:30:58.683497 [debug] [Thread-1 (]: On model.de_project.report2: /* {"app": "dbt", "dbt_version": "1.9.2", "profile_name": "de_project", "target_name": "dev", "node_id": "model.de_project.report2"} */

  create view "warehouse"."public"."report2__dbt_tmp"
    
    
  as (
    WITH financial_transactions_by_years as (
    SELECT unique_id,
    date_part( 'year',"date") as year,
    amount,
    customer_id,
    type
    FROM public.financial_transactions
)

SELECT 'year', COUNT(unique_id) as users
FROM
financial_transactions_by_years
GROUP BY year
  );
[0m22:30:58.699519 [debug] [Thread-1 (]: SQL status: CREATE VIEW in 0.005 seconds
[0m22:30:58.705189 [debug] [Thread-1 (]: Using postgres connection "model.de_project.report2"
[0m22:30:58.705189 [debug] [Thread-1 (]: On model.de_project.report2: /* {"app": "dbt", "dbt_version": "1.9.2", "profile_name": "de_project", "target_name": "dev", "node_id": "model.de_project.report2"} */
alter table "warehouse"."public"."report2" rename to "report2__dbt_backup"
[0m22:30:58.705189 [debug] [Thread-1 (]: SQL status: ALTER TABLE in 0.001 seconds
[0m22:30:58.705189 [debug] [Thread-1 (]: Using postgres connection "model.de_project.report2"
[0m22:30:58.705189 [debug] [Thread-1 (]: On model.de_project.report2: /* {"app": "dbt", "dbt_version": "1.9.2", "profile_name": "de_project", "target_name": "dev", "node_id": "model.de_project.report2"} */
alter table "warehouse"."public"."report2__dbt_tmp" rename to "report2"
[0m22:30:58.705189 [debug] [Thread-1 (]: SQL status: ALTER TABLE in 0.001 seconds
[0m22:30:58.715607 [debug] [Thread-1 (]: On model.de_project.report2: COMMIT
[0m22:30:58.715607 [debug] [Thread-1 (]: Using postgres connection "model.de_project.report2"
[0m22:30:58.731567 [debug] [Thread-1 (]: On model.de_project.report2: COMMIT
[0m22:30:58.733092 [debug] [Thread-1 (]: SQL status: COMMIT in 0.007 seconds
[0m22:30:58.733092 [debug] [Thread-1 (]: Applying DROP to: "warehouse"."public"."report2__dbt_backup"
[0m22:30:58.748255 [debug] [Thread-1 (]: Using postgres connection "model.de_project.report2"
[0m22:30:58.748255 [debug] [Thread-1 (]: On model.de_project.report2: /* {"app": "dbt", "dbt_version": "1.9.2", "profile_name": "de_project", "target_name": "dev", "node_id": "model.de_project.report2"} */
drop view if exists "warehouse"."public"."report2__dbt_backup" cascade
[0m22:30:58.748255 [debug] [Thread-1 (]: SQL status: DROP VIEW in 0.005 seconds
[0m22:30:58.757510 [debug] [Thread-1 (]: On model.de_project.report2: Close
[0m22:30:58.757510 [debug] [Thread-1 (]: Sending event: {'category': 'dbt', 'action': 'run_model', 'label': '41201ac6-1e0d-430a-9c2a-902cec4d9b51', 'context': [<snowplow_tracker.self_describing_json.SelfDescribingJson object at 0x0000027B22BAC050>]}
[0m22:30:58.761126 [info ] [Thread-1 (]: 1 of 1 OK created sql view model public.report2 ................................ [[32mCREATE VIEW[0m in 0.17s]
[0m22:30:58.761126 [debug] [Thread-1 (]: Finished running node model.de_project.report2
[0m22:30:58.763985 [debug] [MainThread]: Using postgres connection "master"
[0m22:30:58.763985 [debug] [MainThread]: On master: BEGIN
[0m22:30:58.763985 [debug] [MainThread]: Opening a new connection, currently in state closed
[0m22:30:58.823112 [debug] [MainThread]: SQL status: BEGIN in 0.058 seconds
[0m22:30:58.824115 [debug] [MainThread]: On master: COMMIT
[0m22:30:58.824115 [debug] [MainThread]: Using postgres connection "master"
[0m22:30:58.824115 [debug] [MainThread]: On master: COMMIT
[0m22:30:58.825118 [debug] [MainThread]: SQL status: COMMIT in 0.001 seconds
[0m22:30:58.826114 [debug] [MainThread]: On master: Close
[0m22:30:58.827110 [debug] [MainThread]: Connection 'master' was properly closed.
[0m22:30:58.827110 [debug] [MainThread]: Connection 'list_warehouse' was properly closed.
[0m22:30:58.827110 [debug] [MainThread]: Connection 'list_warehouse_public' was properly closed.
[0m22:30:58.827110 [debug] [MainThread]: Connection 'model.de_project.report2' was properly closed.
[0m22:30:58.828110 [info ] [MainThread]: 
[0m22:30:58.829112 [info ] [MainThread]: Finished running 1 view model in 0 hours 0 minutes and 0.52 seconds (0.52s).
[0m22:30:58.829112 [debug] [MainThread]: Command end result
[0m22:30:58.847974 [debug] [MainThread]: Wrote artifact WritableManifest to D:\DE\DataTalks\project\de_project\target\manifest.json
[0m22:30:58.851262 [debug] [MainThread]: Wrote artifact SemanticManifest to D:\DE\DataTalks\project\de_project\target\semantic_manifest.json
[0m22:30:58.856356 [debug] [MainThread]: Wrote artifact RunExecutionResult to D:\DE\DataTalks\project\de_project\target\run_results.json
[0m22:30:58.856356 [info ] [MainThread]: 
[0m22:30:58.856356 [info ] [MainThread]: [32mCompleted successfully[0m
[0m22:30:58.856356 [info ] [MainThread]: 
[0m22:30:58.856356 [info ] [MainThread]: Done. PASS=1 WARN=0 ERROR=0 SKIP=0 TOTAL=1
[0m22:30:58.856356 [debug] [MainThread]: Command `dbt run` succeeded at 22:30:58.856356 after 1.34 seconds
[0m22:30:58.856356 [debug] [MainThread]: Sending event: {'category': 'dbt', 'action': 'invocation', 'label': 'end', 'context': [<snowplow_tracker.self_describing_json.SelfDescribingJson object at 0x0000027B22D4E7E0>, <snowplow_tracker.self_describing_json.SelfDescribingJson object at 0x0000027B230EA600>, <snowplow_tracker.self_describing_json.SelfDescribingJson object at 0x0000027B230EAA80>]}
[0m22:30:58.856356 [debug] [MainThread]: Flushing usage events
[0m22:31:00.129105 [debug] [MainThread]: An error was encountered while trying to flush usage events
[0m22:31:05.675555 [debug] [MainThread]: Sending event: {'category': 'dbt', 'action': 'invocation', 'label': 'start', 'context': [<snowplow_tracker.self_describing_json.SelfDescribingJson object at 0x00000270EAE8C5C0>, <snowplow_tracker.self_describing_json.SelfDescribingJson object at 0x00000270E8C01F10>, <snowplow_tracker.self_describing_json.SelfDescribingJson object at 0x00000270EAE8DEB0>]}


============================== 22:31:05.675555 | 02485a7f-369a-4e2e-9f85-f79288a72c1c ==============================
[0m22:31:05.675555 [info ] [MainThread]: Running with dbt=1.9.2
[0m22:31:05.675555 [debug] [MainThread]: running dbt with arguments {'printer_width': '80', 'indirect_selection': 'eager', 'log_cache_events': 'False', 'write_json': 'True', 'partial_parse': 'True', 'cache_selected_only': 'False', 'warn_error': 'None', 'fail_fast': 'False', 'version_check': 'True', 'log_path': 'D:\\DE\\DataTalks\\project\\de_project\\logs', 'profiles_dir': 'C:\\Users\\MinhThanh\\.dbt', 'debug': 'False', 'use_colors': 'True', 'use_experimental_parser': 'False', 'empty': 'False', 'quiet': 'False', 'no_print': 'None', 'log_format': 'default', 'introspect': 'True', 'static_parser': 'True', 'warn_error_options': 'WarnErrorOptions(include=[], exclude=[])', 'target_path': 'None', 'invocation_command': 'dbt run --select report2', 'send_anonymous_usage_stats': 'True'}
[0m22:31:05.856834 [debug] [MainThread]: Sending event: {'category': 'dbt', 'action': 'project_id', 'label': '02485a7f-369a-4e2e-9f85-f79288a72c1c', 'context': [<snowplow_tracker.self_describing_json.SelfDescribingJson object at 0x00000270EAED81D0>]}
[0m22:31:05.911351 [debug] [MainThread]: Sending event: {'category': 'dbt', 'action': 'adapter_info', 'label': '02485a7f-369a-4e2e-9f85-f79288a72c1c', 'context': [<snowplow_tracker.self_describing_json.SelfDescribingJson object at 0x00000270EAED8500>]}
[0m22:31:05.911351 [info ] [MainThread]: Registered adapter: postgres=1.9.0
[0m22:31:06.085209 [debug] [MainThread]: checksum: 12b12750b70de726cfd89136b8e24afc3f3e77597a97bff40ab7e5f9b39d5e18, vars: {}, profile: , target: , version: 1.9.2
[0m22:31:06.192301 [debug] [MainThread]: Partial parsing enabled: 0 files deleted, 0 files added, 1 files changed.
[0m22:31:06.192301 [debug] [MainThread]: Partial parsing: updated file: de_project://models\staging\report2.sql
[0m22:31:06.435150 [debug] [MainThread]: Sending event: {'category': 'dbt', 'action': 'load_project', 'label': '02485a7f-369a-4e2e-9f85-f79288a72c1c', 'context': [<snowplow_tracker.self_describing_json.SelfDescribingJson object at 0x00000270EC8CE5D0>]}
[0m22:31:06.490453 [debug] [MainThread]: Wrote artifact WritableManifest to D:\DE\DataTalks\project\de_project\target\manifest.json
[0m22:31:06.498570 [debug] [MainThread]: Wrote artifact SemanticManifest to D:\DE\DataTalks\project\de_project\target\semantic_manifest.json
[0m22:31:06.506240 [debug] [MainThread]: Sending event: {'category': 'dbt', 'action': 'resource_counts', 'label': '02485a7f-369a-4e2e-9f85-f79288a72c1c', 'context': [<snowplow_tracker.self_describing_json.SelfDescribingJson object at 0x00000270EC8A78C0>]}
[0m22:31:06.506240 [info ] [MainThread]: Found 4 models, 4 data tests, 433 macros
[0m22:31:06.506240 [debug] [MainThread]: Sending event: {'category': 'dbt', 'action': 'runnable_timing', 'label': '02485a7f-369a-4e2e-9f85-f79288a72c1c', 'context': [<snowplow_tracker.self_describing_json.SelfDescribingJson object at 0x00000270EC743050>]}
[0m22:31:06.506240 [info ] [MainThread]: 
[0m22:31:06.506240 [info ] [MainThread]: Concurrency: 4 threads (target='dev')
[0m22:31:06.506240 [info ] [MainThread]: 
[0m22:31:06.506240 [debug] [MainThread]: Acquiring new postgres connection 'master'
[0m22:31:06.522426 [debug] [ThreadPool]: Acquiring new postgres connection 'list_warehouse'
[0m22:31:06.577865 [debug] [ThreadPool]: Using postgres connection "list_warehouse"
[0m22:31:06.579893 [debug] [ThreadPool]: On list_warehouse: /* {"app": "dbt", "dbt_version": "1.9.2", "profile_name": "de_project", "target_name": "dev", "connection_name": "list_warehouse"} */

    select distinct nspname from pg_namespace
  
[0m22:31:06.579893 [debug] [ThreadPool]: Opening a new connection, currently in state init
[0m22:31:06.643244 [debug] [ThreadPool]: SQL status: SELECT 4 in 0.073 seconds
[0m22:31:06.643244 [debug] [ThreadPool]: On list_warehouse: Close
[0m22:31:06.661507 [debug] [ThreadPool]: Acquiring new postgres connection 'list_warehouse_public'
[0m22:31:06.668607 [debug] [ThreadPool]: Using postgres connection "list_warehouse_public"
[0m22:31:06.668607 [debug] [ThreadPool]: On list_warehouse_public: BEGIN
[0m22:31:06.668607 [debug] [ThreadPool]: Opening a new connection, currently in state init
[0m22:31:06.726036 [debug] [ThreadPool]: SQL status: BEGIN in 0.059 seconds
[0m22:31:06.726036 [debug] [ThreadPool]: Using postgres connection "list_warehouse_public"
[0m22:31:06.726036 [debug] [ThreadPool]: On list_warehouse_public: /* {"app": "dbt", "dbt_version": "1.9.2", "profile_name": "de_project", "target_name": "dev", "connection_name": "list_warehouse_public"} */
select
      'warehouse' as database,
      tablename as name,
      schemaname as schema,
      'table' as type
    from pg_tables
    where schemaname ilike 'public'
    union all
    select
      'warehouse' as database,
      viewname as name,
      schemaname as schema,
      'view' as type
    from pg_views
    where schemaname ilike 'public'
    union all
    select
      'warehouse' as database,
      matviewname as name,
      schemaname as schema,
      'materialized_view' as type
    from pg_matviews
    where schemaname ilike 'public'
  
[0m22:31:06.726036 [debug] [ThreadPool]: SQL status: SELECT 5 in 0.005 seconds
[0m22:31:06.726036 [debug] [ThreadPool]: On list_warehouse_public: ROLLBACK
[0m22:31:06.726036 [debug] [ThreadPool]: On list_warehouse_public: Close
[0m22:31:06.741693 [debug] [MainThread]: Using postgres connection "master"
[0m22:31:06.743702 [debug] [MainThread]: On master: BEGIN
[0m22:31:06.743702 [debug] [MainThread]: Opening a new connection, currently in state init
[0m22:31:06.788621 [debug] [MainThread]: SQL status: BEGIN in 0.056 seconds
[0m22:31:06.788621 [debug] [MainThread]: Using postgres connection "master"
[0m22:31:06.788621 [debug] [MainThread]: On master: /* {"app": "dbt", "dbt_version": "1.9.2", "profile_name": "de_project", "target_name": "dev", "connection_name": "master"} */
with relation as (
        select
            pg_rewrite.ev_class as class,
            pg_rewrite.oid as id
        from pg_rewrite
    ),
    class as (
        select
            oid as id,
            relname as name,
            relnamespace as schema,
            relkind as kind
        from pg_class
    ),
    dependency as (
        select distinct
            pg_depend.objid as id,
            pg_depend.refobjid as ref
        from pg_depend
    ),
    schema as (
        select
            pg_namespace.oid as id,
            pg_namespace.nspname as name
        from pg_namespace
        where nspname != 'information_schema' and nspname not like 'pg\_%'
    ),
    referenced as (
        select
            relation.id AS id,
            referenced_class.name ,
            referenced_class.schema ,
            referenced_class.kind
        from relation
        join class as referenced_class on relation.class=referenced_class.id
        where referenced_class.kind in ('r', 'v', 'm')
    ),
    relationships as (
        select
            referenced.name as referenced_name,
            referenced.schema as referenced_schema_id,
            dependent_class.name as dependent_name,
            dependent_class.schema as dependent_schema_id,
            referenced.kind as kind
        from referenced
        join dependency on referenced.id=dependency.id
        join class as dependent_class on dependency.ref=dependent_class.id
        where
            (referenced.name != dependent_class.name or
             referenced.schema != dependent_class.schema)
    )

    select
        referenced_schema.name as referenced_schema,
        relationships.referenced_name as referenced_name,
        dependent_schema.name as dependent_schema,
        relationships.dependent_name as dependent_name
    from relationships
    join schema as dependent_schema on relationships.dependent_schema_id=dependent_schema.id
    join schema as referenced_schema on relationships.referenced_schema_id=referenced_schema.id
    group by referenced_schema, referenced_name, dependent_schema, dependent_name
    order by referenced_schema, referenced_name, dependent_schema, dependent_name;
[0m22:31:06.804251 [debug] [MainThread]: SQL status: SELECT 3 in 0.008 seconds
[0m22:31:06.811621 [debug] [MainThread]: Sending event: {'category': 'dbt', 'action': 'runnable_timing', 'label': '02485a7f-369a-4e2e-9f85-f79288a72c1c', 'context': [<snowplow_tracker.self_describing_json.SelfDescribingJson object at 0x00000270EB44C2F0>]}
[0m22:31:06.811621 [debug] [MainThread]: On master: ROLLBACK
[0m22:31:06.811621 [debug] [MainThread]: Using postgres connection "master"
[0m22:31:06.811621 [debug] [MainThread]: On master: BEGIN
[0m22:31:06.811621 [debug] [MainThread]: SQL status: BEGIN in 0.001 seconds
[0m22:31:06.811621 [debug] [MainThread]: On master: COMMIT
[0m22:31:06.811621 [debug] [MainThread]: Using postgres connection "master"
[0m22:31:06.811621 [debug] [MainThread]: On master: COMMIT
[0m22:31:06.811621 [debug] [MainThread]: SQL status: COMMIT in 0.001 seconds
[0m22:31:06.811621 [debug] [MainThread]: On master: Close
[0m22:31:06.811621 [debug] [Thread-1 (]: Began running node model.de_project.report2
[0m22:31:06.820099 [info ] [Thread-1 (]: 1 of 1 START sql view model public.report2 ..................................... [RUN]
[0m22:31:06.820099 [debug] [Thread-1 (]: Acquiring new postgres connection 'model.de_project.report2'
[0m22:31:06.820099 [debug] [Thread-1 (]: Began compiling node model.de_project.report2
[0m22:31:06.828701 [debug] [Thread-1 (]: Writing injected SQL for node "model.de_project.report2"
[0m22:31:06.828701 [debug] [Thread-1 (]: Began executing node model.de_project.report2
[0m22:31:06.868222 [debug] [Thread-1 (]: Writing runtime sql for node "model.de_project.report2"
[0m22:31:06.868222 [debug] [Thread-1 (]: Using postgres connection "model.de_project.report2"
[0m22:31:06.869222 [debug] [Thread-1 (]: On model.de_project.report2: BEGIN
[0m22:31:06.869222 [debug] [Thread-1 (]: Opening a new connection, currently in state init
[0m22:31:06.910896 [debug] [Thread-1 (]: SQL status: BEGIN in 0.052 seconds
[0m22:31:06.910896 [debug] [Thread-1 (]: Using postgres connection "model.de_project.report2"
[0m22:31:06.910896 [debug] [Thread-1 (]: On model.de_project.report2: /* {"app": "dbt", "dbt_version": "1.9.2", "profile_name": "de_project", "target_name": "dev", "node_id": "model.de_project.report2"} */

  create view "warehouse"."public"."report2__dbt_tmp"
    
    
  as (
    WITH financial_transactions_by_years as (
    SELECT unique_id,
    date_part( 'year',"date") as year,
    amount,
    customer_id,
    type
    FROM public.financial_transactions
)

SELECT year, COUNT(unique_id) as users
FROM
financial_transactions_by_years
GROUP BY year
  );
[0m22:31:06.927213 [debug] [Thread-1 (]: SQL status: CREATE VIEW in 0.007 seconds
[0m22:31:06.927213 [debug] [Thread-1 (]: Using postgres connection "model.de_project.report2"
[0m22:31:06.927213 [debug] [Thread-1 (]: On model.de_project.report2: /* {"app": "dbt", "dbt_version": "1.9.2", "profile_name": "de_project", "target_name": "dev", "node_id": "model.de_project.report2"} */
alter table "warehouse"."public"."report2" rename to "report2__dbt_backup"
[0m22:31:06.927213 [debug] [Thread-1 (]: SQL status: ALTER TABLE in 0.001 seconds
[0m22:31:06.927213 [debug] [Thread-1 (]: Using postgres connection "model.de_project.report2"
[0m22:31:06.927213 [debug] [Thread-1 (]: On model.de_project.report2: /* {"app": "dbt", "dbt_version": "1.9.2", "profile_name": "de_project", "target_name": "dev", "node_id": "model.de_project.report2"} */
alter table "warehouse"."public"."report2__dbt_tmp" rename to "report2"
[0m22:31:06.942544 [debug] [Thread-1 (]: SQL status: ALTER TABLE in 0.001 seconds
[0m22:31:06.958396 [debug] [Thread-1 (]: On model.de_project.report2: COMMIT
[0m22:31:06.958396 [debug] [Thread-1 (]: Using postgres connection "model.de_project.report2"
[0m22:31:06.958396 [debug] [Thread-1 (]: On model.de_project.report2: COMMIT
[0m22:31:06.958396 [debug] [Thread-1 (]: SQL status: COMMIT in 0.003 seconds
[0m22:31:06.958396 [debug] [Thread-1 (]: Applying DROP to: "warehouse"."public"."report2__dbt_backup"
[0m22:31:06.958396 [debug] [Thread-1 (]: Using postgres connection "model.de_project.report2"
[0m22:31:06.958396 [debug] [Thread-1 (]: On model.de_project.report2: /* {"app": "dbt", "dbt_version": "1.9.2", "profile_name": "de_project", "target_name": "dev", "node_id": "model.de_project.report2"} */
drop view if exists "warehouse"."public"."report2__dbt_backup" cascade
[0m22:31:06.974507 [debug] [Thread-1 (]: SQL status: DROP VIEW in 0.004 seconds
[0m22:31:06.974507 [debug] [Thread-1 (]: On model.de_project.report2: Close
[0m22:31:06.974507 [debug] [Thread-1 (]: Sending event: {'category': 'dbt', 'action': 'run_model', 'label': '02485a7f-369a-4e2e-9f85-f79288a72c1c', 'context': [<snowplow_tracker.self_describing_json.SelfDescribingJson object at 0x00000270E823A120>]}
[0m22:31:06.974507 [info ] [Thread-1 (]: 1 of 1 OK created sql view model public.report2 ................................ [[32mCREATE VIEW[0m in 0.15s]
[0m22:31:06.974507 [debug] [Thread-1 (]: Finished running node model.de_project.report2
[0m22:31:06.974507 [debug] [MainThread]: Using postgres connection "master"
[0m22:31:06.974507 [debug] [MainThread]: On master: BEGIN
[0m22:31:06.974507 [debug] [MainThread]: Opening a new connection, currently in state closed
[0m22:31:07.048246 [debug] [MainThread]: SQL status: BEGIN in 0.061 seconds
[0m22:31:07.049247 [debug] [MainThread]: On master: COMMIT
[0m22:31:07.049247 [debug] [MainThread]: Using postgres connection "master"
[0m22:31:07.049247 [debug] [MainThread]: On master: COMMIT
[0m22:31:07.050262 [debug] [MainThread]: SQL status: COMMIT in 0.001 seconds
[0m22:31:07.051245 [debug] [MainThread]: On master: Close
[0m22:31:07.052244 [debug] [MainThread]: Connection 'master' was properly closed.
[0m22:31:07.052244 [debug] [MainThread]: Connection 'list_warehouse' was properly closed.
[0m22:31:07.053264 [debug] [MainThread]: Connection 'list_warehouse_public' was properly closed.
[0m22:31:07.053264 [debug] [MainThread]: Connection 'model.de_project.report2' was properly closed.
[0m22:31:07.054245 [info ] [MainThread]: 
[0m22:31:07.054245 [info ] [MainThread]: Finished running 1 view model in 0 hours 0 minutes and 0.55 seconds (0.55s).
[0m22:31:07.055245 [debug] [MainThread]: Command end result
[0m22:31:07.074267 [debug] [MainThread]: Wrote artifact WritableManifest to D:\DE\DataTalks\project\de_project\target\manifest.json
[0m22:31:07.076970 [debug] [MainThread]: Wrote artifact SemanticManifest to D:\DE\DataTalks\project\de_project\target\semantic_manifest.json
[0m22:31:07.082513 [debug] [MainThread]: Wrote artifact RunExecutionResult to D:\DE\DataTalks\project\de_project\target\run_results.json
[0m22:31:07.084519 [info ] [MainThread]: 
[0m22:31:07.084519 [info ] [MainThread]: [32mCompleted successfully[0m
[0m22:31:07.084519 [info ] [MainThread]: 
[0m22:31:07.084519 [info ] [MainThread]: Done. PASS=1 WARN=0 ERROR=0 SKIP=0 TOTAL=1
[0m22:31:07.084519 [debug] [MainThread]: Command `dbt run` succeeded at 22:31:07.084519 after 1.56 seconds
[0m22:31:07.084519 [debug] [MainThread]: Sending event: {'category': 'dbt', 'action': 'invocation', 'label': 'end', 'context': [<snowplow_tracker.self_describing_json.SelfDescribingJson object at 0x00000270EACC01A0>, <snowplow_tracker.self_describing_json.SelfDescribingJson object at 0x00000270EAB96C00>, <snowplow_tracker.self_describing_json.SelfDescribingJson object at 0x00000270EAD20EC0>]}
[0m22:31:07.084519 [debug] [MainThread]: Flushing usage events
[0m22:31:08.216985 [debug] [MainThread]: An error was encountered while trying to flush usage events
[0m22:41:54.903838 [debug] [MainThread]: Sending event: {'category': 'dbt', 'action': 'invocation', 'label': 'start', 'context': [<snowplow_tracker.self_describing_json.SelfDescribingJson object at 0x00000245B132DEE0>, <snowplow_tracker.self_describing_json.SelfDescribingJson object at 0x00000245B3E2E2D0>, <snowplow_tracker.self_describing_json.SelfDescribingJson object at 0x00000245B510D820>]}


============================== 22:41:54.908835 | d6a4386c-3f34-4235-8dc2-925d714c7b18 ==============================
[0m22:41:54.908835 [info ] [MainThread]: Running with dbt=1.9.2
[0m22:41:54.909837 [debug] [MainThread]: running dbt with arguments {'printer_width': '80', 'indirect_selection': 'eager', 'log_cache_events': 'False', 'write_json': 'True', 'partial_parse': 'True', 'cache_selected_only': 'False', 'warn_error': 'None', 'version_check': 'True', 'fail_fast': 'False', 'log_path': 'D:\\DE\\DataTalks\\project\\de_project\\logs', 'profiles_dir': 'C:\\Users\\MinhThanh\\.dbt', 'debug': 'False', 'use_colors': 'True', 'use_experimental_parser': 'False', 'no_print': 'None', 'quiet': 'False', 'empty': 'False', 'log_format': 'default', 'introspect': 'True', 'warn_error_options': 'WarnErrorOptions(include=[], exclude=[])', 'invocation_command': 'dbt run --select report2', 'target_path': 'None', 'static_parser': 'True', 'send_anonymous_usage_stats': 'True'}
[0m22:41:55.073733 [debug] [MainThread]: Sending event: {'category': 'dbt', 'action': 'project_id', 'label': 'd6a4386c-3f34-4235-8dc2-925d714c7b18', 'context': [<snowplow_tracker.self_describing_json.SelfDescribingJson object at 0x00000245B7467FE0>]}
[0m22:41:55.125855 [debug] [MainThread]: Sending event: {'category': 'dbt', 'action': 'adapter_info', 'label': 'd6a4386c-3f34-4235-8dc2-925d714c7b18', 'context': [<snowplow_tracker.self_describing_json.SelfDescribingJson object at 0x00000245B74AB620>]}
[0m22:41:55.125855 [info ] [MainThread]: Registered adapter: postgres=1.9.0
[0m22:41:55.292749 [debug] [MainThread]: checksum: 12b12750b70de726cfd89136b8e24afc3f3e77597a97bff40ab7e5f9b39d5e18, vars: {}, profile: , target: , version: 1.9.2
[0m22:41:55.407081 [debug] [MainThread]: Partial parsing enabled: 0 files deleted, 0 files added, 1 files changed.
[0m22:41:55.408081 [debug] [MainThread]: Partial parsing: updated file: de_project://models\staging\report2.sql
[0m22:41:55.625768 [debug] [MainThread]: Sending event: {'category': 'dbt', 'action': 'load_project', 'label': 'd6a4386c-3f34-4235-8dc2-925d714c7b18', 'context': [<snowplow_tracker.self_describing_json.SelfDescribingJson object at 0x00000245B7A74F50>]}
[0m22:41:55.694946 [debug] [MainThread]: Wrote artifact WritableManifest to D:\DE\DataTalks\project\de_project\target\manifest.json
[0m22:41:55.694946 [debug] [MainThread]: Wrote artifact SemanticManifest to D:\DE\DataTalks\project\de_project\target\semantic_manifest.json
[0m22:41:55.716771 [debug] [MainThread]: Sending event: {'category': 'dbt', 'action': 'resource_counts', 'label': 'd6a4386c-3f34-4235-8dc2-925d714c7b18', 'context': [<snowplow_tracker.self_describing_json.SelfDescribingJson object at 0x00000245B8E8BAD0>]}
[0m22:41:55.716771 [info ] [MainThread]: Found 4 models, 4 data tests, 433 macros
[0m22:41:55.716771 [debug] [MainThread]: Sending event: {'category': 'dbt', 'action': 'runnable_timing', 'label': 'd6a4386c-3f34-4235-8dc2-925d714c7b18', 'context': [<snowplow_tracker.self_describing_json.SelfDescribingJson object at 0x00000245B7BBDA90>]}
[0m22:41:55.716771 [info ] [MainThread]: 
[0m22:41:55.716771 [info ] [MainThread]: Concurrency: 4 threads (target='dev')
[0m22:41:55.716771 [info ] [MainThread]: 
[0m22:41:55.716771 [debug] [MainThread]: Acquiring new postgres connection 'master'
[0m22:41:55.716771 [debug] [ThreadPool]: Acquiring new postgres connection 'list_warehouse'
[0m22:41:55.761468 [debug] [ThreadPool]: Using postgres connection "list_warehouse"
[0m22:41:55.761468 [debug] [ThreadPool]: On list_warehouse: /* {"app": "dbt", "dbt_version": "1.9.2", "profile_name": "de_project", "target_name": "dev", "connection_name": "list_warehouse"} */

    select distinct nspname from pg_namespace
  
[0m22:41:55.776714 [debug] [ThreadPool]: Opening a new connection, currently in state init
[0m22:41:55.840851 [debug] [ThreadPool]: SQL status: SELECT 4 in 0.064 seconds
[0m22:41:55.841873 [debug] [ThreadPool]: On list_warehouse: Close
[0m22:41:55.844849 [debug] [ThreadPool]: Acquiring new postgres connection 'list_warehouse_public'
[0m22:41:55.844849 [debug] [ThreadPool]: Using postgres connection "list_warehouse_public"
[0m22:41:55.844849 [debug] [ThreadPool]: On list_warehouse_public: BEGIN
[0m22:41:55.844849 [debug] [ThreadPool]: Opening a new connection, currently in state init
[0m22:41:55.911383 [debug] [ThreadPool]: SQL status: BEGIN in 0.057 seconds
[0m22:41:55.911383 [debug] [ThreadPool]: Using postgres connection "list_warehouse_public"
[0m22:41:55.911383 [debug] [ThreadPool]: On list_warehouse_public: /* {"app": "dbt", "dbt_version": "1.9.2", "profile_name": "de_project", "target_name": "dev", "connection_name": "list_warehouse_public"} */
select
      'warehouse' as database,
      tablename as name,
      schemaname as schema,
      'table' as type
    from pg_tables
    where schemaname ilike 'public'
    union all
    select
      'warehouse' as database,
      viewname as name,
      schemaname as schema,
      'view' as type
    from pg_views
    where schemaname ilike 'public'
    union all
    select
      'warehouse' as database,
      matviewname as name,
      schemaname as schema,
      'materialized_view' as type
    from pg_matviews
    where schemaname ilike 'public'
  
[0m22:41:55.911383 [debug] [ThreadPool]: SQL status: SELECT 5 in 0.005 seconds
[0m22:41:55.911383 [debug] [ThreadPool]: On list_warehouse_public: ROLLBACK
[0m22:41:55.911383 [debug] [ThreadPool]: On list_warehouse_public: Close
[0m22:41:55.927079 [debug] [MainThread]: Using postgres connection "master"
[0m22:41:55.927079 [debug] [MainThread]: On master: BEGIN
[0m22:41:55.927079 [debug] [MainThread]: Opening a new connection, currently in state init
[0m22:41:55.987121 [debug] [MainThread]: SQL status: BEGIN in 0.059 seconds
[0m22:41:55.987121 [debug] [MainThread]: Using postgres connection "master"
[0m22:41:55.988150 [debug] [MainThread]: On master: /* {"app": "dbt", "dbt_version": "1.9.2", "profile_name": "de_project", "target_name": "dev", "connection_name": "master"} */
with relation as (
        select
            pg_rewrite.ev_class as class,
            pg_rewrite.oid as id
        from pg_rewrite
    ),
    class as (
        select
            oid as id,
            relname as name,
            relnamespace as schema,
            relkind as kind
        from pg_class
    ),
    dependency as (
        select distinct
            pg_depend.objid as id,
            pg_depend.refobjid as ref
        from pg_depend
    ),
    schema as (
        select
            pg_namespace.oid as id,
            pg_namespace.nspname as name
        from pg_namespace
        where nspname != 'information_schema' and nspname not like 'pg\_%'
    ),
    referenced as (
        select
            relation.id AS id,
            referenced_class.name ,
            referenced_class.schema ,
            referenced_class.kind
        from relation
        join class as referenced_class on relation.class=referenced_class.id
        where referenced_class.kind in ('r', 'v', 'm')
    ),
    relationships as (
        select
            referenced.name as referenced_name,
            referenced.schema as referenced_schema_id,
            dependent_class.name as dependent_name,
            dependent_class.schema as dependent_schema_id,
            referenced.kind as kind
        from referenced
        join dependency on referenced.id=dependency.id
        join class as dependent_class on dependency.ref=dependent_class.id
        where
            (referenced.name != dependent_class.name or
             referenced.schema != dependent_class.schema)
    )

    select
        referenced_schema.name as referenced_schema,
        relationships.referenced_name as referenced_name,
        dependent_schema.name as dependent_schema,
        relationships.dependent_name as dependent_name
    from relationships
    join schema as dependent_schema on relationships.dependent_schema_id=dependent_schema.id
    join schema as referenced_schema on relationships.referenced_schema_id=referenced_schema.id
    group by referenced_schema, referenced_name, dependent_schema, dependent_name
    order by referenced_schema, referenced_name, dependent_schema, dependent_name;
[0m22:41:55.994104 [debug] [MainThread]: SQL status: SELECT 3 in 0.007 seconds
[0m22:41:55.994104 [debug] [MainThread]: Sending event: {'category': 'dbt', 'action': 'runnable_timing', 'label': 'd6a4386c-3f34-4235-8dc2-925d714c7b18', 'context': [<snowplow_tracker.self_describing_json.SelfDescribingJson object at 0x00000245B8D312B0>]}
[0m22:41:55.994104 [debug] [MainThread]: On master: ROLLBACK
[0m22:41:55.994104 [debug] [MainThread]: Using postgres connection "master"
[0m22:41:55.994104 [debug] [MainThread]: On master: BEGIN
[0m22:41:55.994104 [debug] [MainThread]: SQL status: BEGIN in 0.001 seconds
[0m22:41:55.994104 [debug] [MainThread]: On master: COMMIT
[0m22:41:55.994104 [debug] [MainThread]: Using postgres connection "master"
[0m22:41:55.994104 [debug] [MainThread]: On master: COMMIT
[0m22:41:55.994104 [debug] [MainThread]: SQL status: COMMIT in 0.001 seconds
[0m22:41:55.994104 [debug] [MainThread]: On master: Close
[0m22:41:55.994104 [debug] [Thread-1 (]: Began running node model.de_project.report2
[0m22:41:55.994104 [info ] [Thread-1 (]: 1 of 1 START sql view model public.report2 ..................................... [RUN]
[0m22:41:55.994104 [debug] [Thread-1 (]: Acquiring new postgres connection 'model.de_project.report2'
[0m22:41:55.994104 [debug] [Thread-1 (]: Began compiling node model.de_project.report2
[0m22:41:56.013549 [debug] [Thread-1 (]: Writing injected SQL for node "model.de_project.report2"
[0m22:41:56.013549 [debug] [Thread-1 (]: Began executing node model.de_project.report2
[0m22:41:56.044460 [debug] [Thread-1 (]: Writing runtime sql for node "model.de_project.report2"
[0m22:41:56.044460 [debug] [Thread-1 (]: Using postgres connection "model.de_project.report2"
[0m22:41:56.044460 [debug] [Thread-1 (]: On model.de_project.report2: BEGIN
[0m22:41:56.044460 [debug] [Thread-1 (]: Opening a new connection, currently in state init
[0m22:41:56.109272 [debug] [Thread-1 (]: SQL status: BEGIN in 0.057 seconds
[0m22:41:56.110296 [debug] [Thread-1 (]: Using postgres connection "model.de_project.report2"
[0m22:41:56.110296 [debug] [Thread-1 (]: On model.de_project.report2: /* {"app": "dbt", "dbt_version": "1.9.2", "profile_name": "de_project", "target_name": "dev", "node_id": "model.de_project.report2"} */

  create view "warehouse"."public"."report2__dbt_tmp"
    
    
  as (
    WITH financial_transactions_by_years as (
    SELECT unique_id,
    date_part( 'year',"date") as year,
    amount,
    customer_id,
    type
    FROM public.financial_transactions
)

SELECT year, COUNT(unique_id) as users
FROM
financial_transactions_by_years
GROUP BY year
ORDER BY year
  );
[0m22:41:56.111299 [debug] [Thread-1 (]: SQL status: CREATE VIEW in 0.006 seconds
[0m22:41:56.111299 [debug] [Thread-1 (]: Using postgres connection "model.de_project.report2"
[0m22:41:56.111299 [debug] [Thread-1 (]: On model.de_project.report2: /* {"app": "dbt", "dbt_version": "1.9.2", "profile_name": "de_project", "target_name": "dev", "node_id": "model.de_project.report2"} */
alter table "warehouse"."public"."report2" rename to "report2__dbt_backup"
[0m22:41:56.111299 [debug] [Thread-1 (]: SQL status: ALTER TABLE in 0.001 seconds
[0m22:41:56.127597 [debug] [Thread-1 (]: Using postgres connection "model.de_project.report2"
[0m22:41:56.127597 [debug] [Thread-1 (]: On model.de_project.report2: /* {"app": "dbt", "dbt_version": "1.9.2", "profile_name": "de_project", "target_name": "dev", "node_id": "model.de_project.report2"} */
alter table "warehouse"."public"."report2__dbt_tmp" rename to "report2"
[0m22:41:56.127597 [debug] [Thread-1 (]: SQL status: ALTER TABLE in 0.001 seconds
[0m22:41:56.143021 [debug] [Thread-1 (]: On model.de_project.report2: COMMIT
[0m22:41:56.143021 [debug] [Thread-1 (]: Using postgres connection "model.de_project.report2"
[0m22:41:56.143021 [debug] [Thread-1 (]: On model.de_project.report2: COMMIT
[0m22:41:56.143021 [debug] [Thread-1 (]: SQL status: COMMIT in 0.007 seconds
[0m22:41:56.159077 [debug] [Thread-1 (]: Applying DROP to: "warehouse"."public"."report2__dbt_backup"
[0m22:41:56.159077 [debug] [Thread-1 (]: Using postgres connection "model.de_project.report2"
[0m22:41:56.159077 [debug] [Thread-1 (]: On model.de_project.report2: /* {"app": "dbt", "dbt_version": "1.9.2", "profile_name": "de_project", "target_name": "dev", "node_id": "model.de_project.report2"} */
drop view if exists "warehouse"."public"."report2__dbt_backup" cascade
[0m22:41:56.159077 [debug] [Thread-1 (]: SQL status: DROP VIEW in 0.005 seconds
[0m22:41:56.174948 [debug] [Thread-1 (]: On model.de_project.report2: Close
[0m22:41:56.176965 [debug] [Thread-1 (]: Sending event: {'category': 'dbt', 'action': 'run_model', 'label': 'd6a4386c-3f34-4235-8dc2-925d714c7b18', 'context': [<snowplow_tracker.self_describing_json.SelfDescribingJson object at 0x00000245B483A210>]}
[0m22:41:56.176965 [info ] [Thread-1 (]: 1 of 1 OK created sql view model public.report2 ................................ [[32mCREATE VIEW[0m in 0.18s]
[0m22:41:56.176965 [debug] [Thread-1 (]: Finished running node model.de_project.report2
[0m22:41:56.176965 [debug] [MainThread]: Using postgres connection "master"
[0m22:41:56.176965 [debug] [MainThread]: On master: BEGIN
[0m22:41:56.176965 [debug] [MainThread]: Opening a new connection, currently in state closed
[0m22:41:56.247120 [debug] [MainThread]: SQL status: BEGIN in 0.064 seconds
[0m22:41:56.247120 [debug] [MainThread]: On master: COMMIT
[0m22:41:56.247120 [debug] [MainThread]: Using postgres connection "master"
[0m22:41:56.248136 [debug] [MainThread]: On master: COMMIT
[0m22:41:56.249119 [debug] [MainThread]: SQL status: COMMIT in 0.001 seconds
[0m22:41:56.249119 [debug] [MainThread]: On master: Close
[0m22:41:56.250120 [debug] [MainThread]: Connection 'master' was properly closed.
[0m22:41:56.250120 [debug] [MainThread]: Connection 'list_warehouse' was properly closed.
[0m22:41:56.251144 [debug] [MainThread]: Connection 'list_warehouse_public' was properly closed.
[0m22:41:56.251144 [debug] [MainThread]: Connection 'model.de_project.report2' was properly closed.
[0m22:41:56.252119 [info ] [MainThread]: 
[0m22:41:56.252119 [info ] [MainThread]: Finished running 1 view model in 0 hours 0 minutes and 0.53 seconds (0.53s).
[0m22:41:56.253120 [debug] [MainThread]: Command end result
[0m22:41:56.262522 [debug] [MainThread]: Wrote artifact WritableManifest to D:\DE\DataTalks\project\de_project\target\manifest.json
[0m22:41:56.262522 [debug] [MainThread]: Wrote artifact SemanticManifest to D:\DE\DataTalks\project\de_project\target\semantic_manifest.json
[0m22:41:56.282042 [debug] [MainThread]: Wrote artifact RunExecutionResult to D:\DE\DataTalks\project\de_project\target\run_results.json
[0m22:41:56.282042 [info ] [MainThread]: 
[0m22:41:56.283037 [info ] [MainThread]: [32mCompleted successfully[0m
[0m22:41:56.283843 [info ] [MainThread]: 
[0m22:41:56.284436 [info ] [MainThread]: Done. PASS=1 WARN=0 ERROR=0 SKIP=0 TOTAL=1
[0m22:41:56.285004 [debug] [MainThread]: Command `dbt run` succeeded at 22:41:56.285004 after 1.58 seconds
[0m22:41:56.285004 [debug] [MainThread]: Sending event: {'category': 'dbt', 'action': 'invocation', 'label': 'end', 'context': [<snowplow_tracker.self_describing_json.SelfDescribingJson object at 0x00000245B132DEE0>, <snowplow_tracker.self_describing_json.SelfDescribingJson object at 0x00000245B734EC60>, <snowplow_tracker.self_describing_json.SelfDescribingJson object at 0x00000245B734D190>]}
[0m22:41:56.286102 [debug] [MainThread]: Flushing usage events
[0m22:41:57.475390 [debug] [MainThread]: An error was encountered while trying to flush usage events
[0m22:47:33.599706 [debug] [MainThread]: Sending event: {'category': 'dbt', 'action': 'invocation', 'label': 'start', 'context': [<snowplow_tracker.self_describing_json.SelfDescribingJson object at 0x00000204D5A9E180>, <snowplow_tracker.self_describing_json.SelfDescribingJson object at 0x00000204D599C0E0>, <snowplow_tracker.self_describing_json.SelfDescribingJson object at 0x00000204D599C410>]}


============================== 22:47:33.603921 | 271e4196-8218-42b4-861b-67b2e08d24f3 ==============================
[0m22:47:33.603921 [info ] [MainThread]: Running with dbt=1.9.2
[0m22:47:33.604925 [debug] [MainThread]: running dbt with arguments {'printer_width': '80', 'indirect_selection': 'eager', 'log_cache_events': 'False', 'write_json': 'True', 'partial_parse': 'True', 'cache_selected_only': 'False', 'warn_error': 'None', 'debug': 'False', 'version_check': 'True', 'log_path': 'D:\\DE\\DataTalks\\project\\de_project\\logs', 'profiles_dir': 'C:\\Users\\MinhThanh\\.dbt', 'fail_fast': 'False', 'use_colors': 'True', 'use_experimental_parser': 'False', 'no_print': 'None', 'quiet': 'False', 'empty': 'False', 'warn_error_options': 'WarnErrorOptions(include=[], exclude=[])', 'static_parser': 'True', 'invocation_command': 'dbt run --select report2', 'introspect': 'True', 'target_path': 'None', 'log_format': 'default', 'send_anonymous_usage_stats': 'True'}
[0m22:47:33.765097 [debug] [MainThread]: Sending event: {'category': 'dbt', 'action': 'project_id', 'label': '271e4196-8218-42b4-861b-67b2e08d24f3', 'context': [<snowplow_tracker.self_describing_json.SelfDescribingJson object at 0x00000204D5A74980>]}
[0m22:47:33.825733 [debug] [MainThread]: Sending event: {'category': 'dbt', 'action': 'adapter_info', 'label': '271e4196-8218-42b4-861b-67b2e08d24f3', 'context': [<snowplow_tracker.self_describing_json.SelfDescribingJson object at 0x00000204D5F47230>]}
[0m22:47:33.826733 [info ] [MainThread]: Registered adapter: postgres=1.9.0
[0m22:47:33.987324 [debug] [MainThread]: checksum: 12b12750b70de726cfd89136b8e24afc3f3e77597a97bff40ab7e5f9b39d5e18, vars: {}, profile: , target: , version: 1.9.2
[0m22:47:34.112061 [debug] [MainThread]: Partial parsing enabled: 0 files deleted, 0 files added, 1 files changed.
[0m22:47:34.112736 [debug] [MainThread]: Partial parsing: updated file: de_project://models\staging\report2.sql
[0m22:47:34.378674 [debug] [MainThread]: Sending event: {'category': 'dbt', 'action': 'load_project', 'label': '271e4196-8218-42b4-861b-67b2e08d24f3', 'context': [<snowplow_tracker.self_describing_json.SelfDescribingJson object at 0x00000204D74DE570>]}
[0m22:47:34.440425 [debug] [MainThread]: Wrote artifact WritableManifest to D:\DE\DataTalks\project\de_project\target\manifest.json
[0m22:47:34.443522 [debug] [MainThread]: Wrote artifact SemanticManifest to D:\DE\DataTalks\project\de_project\target\semantic_manifest.json
[0m22:47:34.461294 [debug] [MainThread]: Sending event: {'category': 'dbt', 'action': 'resource_counts', 'label': '271e4196-8218-42b4-861b-67b2e08d24f3', 'context': [<snowplow_tracker.self_describing_json.SelfDescribingJson object at 0x00000204D74AFFE0>]}
[0m22:47:34.461294 [info ] [MainThread]: Found 4 models, 4 data tests, 433 macros
[0m22:47:34.462290 [debug] [MainThread]: Sending event: {'category': 'dbt', 'action': 'runnable_timing', 'label': '271e4196-8218-42b4-861b-67b2e08d24f3', 'context': [<snowplow_tracker.self_describing_json.SelfDescribingJson object at 0x00000204D74DF170>]}
[0m22:47:34.463382 [info ] [MainThread]: 
[0m22:47:34.464301 [info ] [MainThread]: Concurrency: 4 threads (target='dev')
[0m22:47:34.464301 [info ] [MainThread]: 
[0m22:47:34.465720 [debug] [MainThread]: Acquiring new postgres connection 'master'
[0m22:47:34.465720 [debug] [ThreadPool]: Acquiring new postgres connection 'list_warehouse'
[0m22:47:34.517543 [debug] [ThreadPool]: Using postgres connection "list_warehouse"
[0m22:47:34.517543 [debug] [ThreadPool]: On list_warehouse: /* {"app": "dbt", "dbt_version": "1.9.2", "profile_name": "de_project", "target_name": "dev", "connection_name": "list_warehouse"} */

    select distinct nspname from pg_namespace
  
[0m22:47:34.517543 [debug] [ThreadPool]: Opening a new connection, currently in state init
[0m22:47:34.615053 [debug] [ThreadPool]: SQL status: SELECT 4 in 0.097 seconds
[0m22:47:34.615053 [debug] [ThreadPool]: On list_warehouse: Close
[0m22:47:34.622485 [debug] [ThreadPool]: Acquiring new postgres connection 'list_warehouse_public'
[0m22:47:34.631657 [debug] [ThreadPool]: Using postgres connection "list_warehouse_public"
[0m22:47:34.631657 [debug] [ThreadPool]: On list_warehouse_public: BEGIN
[0m22:47:34.635633 [debug] [ThreadPool]: Opening a new connection, currently in state init
[0m22:47:34.695885 [debug] [ThreadPool]: SQL status: BEGIN in 0.067 seconds
[0m22:47:34.695885 [debug] [ThreadPool]: Using postgres connection "list_warehouse_public"
[0m22:47:34.695885 [debug] [ThreadPool]: On list_warehouse_public: /* {"app": "dbt", "dbt_version": "1.9.2", "profile_name": "de_project", "target_name": "dev", "connection_name": "list_warehouse_public"} */
select
      'warehouse' as database,
      tablename as name,
      schemaname as schema,
      'table' as type
    from pg_tables
    where schemaname ilike 'public'
    union all
    select
      'warehouse' as database,
      viewname as name,
      schemaname as schema,
      'view' as type
    from pg_views
    where schemaname ilike 'public'
    union all
    select
      'warehouse' as database,
      matviewname as name,
      schemaname as schema,
      'materialized_view' as type
    from pg_matviews
    where schemaname ilike 'public'
  
[0m22:47:34.708174 [debug] [ThreadPool]: SQL status: SELECT 5 in 0.007 seconds
[0m22:47:34.713160 [debug] [ThreadPool]: On list_warehouse_public: ROLLBACK
[0m22:47:34.713160 [debug] [ThreadPool]: On list_warehouse_public: Close
[0m22:47:34.721308 [debug] [MainThread]: Using postgres connection "master"
[0m22:47:34.723318 [debug] [MainThread]: On master: BEGIN
[0m22:47:34.723955 [debug] [MainThread]: Opening a new connection, currently in state init
[0m22:47:34.777400 [debug] [MainThread]: SQL status: BEGIN in 0.054 seconds
[0m22:47:34.777400 [debug] [MainThread]: Using postgres connection "master"
[0m22:47:34.778400 [debug] [MainThread]: On master: /* {"app": "dbt", "dbt_version": "1.9.2", "profile_name": "de_project", "target_name": "dev", "connection_name": "master"} */
with relation as (
        select
            pg_rewrite.ev_class as class,
            pg_rewrite.oid as id
        from pg_rewrite
    ),
    class as (
        select
            oid as id,
            relname as name,
            relnamespace as schema,
            relkind as kind
        from pg_class
    ),
    dependency as (
        select distinct
            pg_depend.objid as id,
            pg_depend.refobjid as ref
        from pg_depend
    ),
    schema as (
        select
            pg_namespace.oid as id,
            pg_namespace.nspname as name
        from pg_namespace
        where nspname != 'information_schema' and nspname not like 'pg\_%'
    ),
    referenced as (
        select
            relation.id AS id,
            referenced_class.name ,
            referenced_class.schema ,
            referenced_class.kind
        from relation
        join class as referenced_class on relation.class=referenced_class.id
        where referenced_class.kind in ('r', 'v', 'm')
    ),
    relationships as (
        select
            referenced.name as referenced_name,
            referenced.schema as referenced_schema_id,
            dependent_class.name as dependent_name,
            dependent_class.schema as dependent_schema_id,
            referenced.kind as kind
        from referenced
        join dependency on referenced.id=dependency.id
        join class as dependent_class on dependency.ref=dependent_class.id
        where
            (referenced.name != dependent_class.name or
             referenced.schema != dependent_class.schema)
    )

    select
        referenced_schema.name as referenced_schema,
        relationships.referenced_name as referenced_name,
        dependent_schema.name as dependent_schema,
        relationships.dependent_name as dependent_name
    from relationships
    join schema as dependent_schema on relationships.dependent_schema_id=dependent_schema.id
    join schema as referenced_schema on relationships.referenced_schema_id=referenced_schema.id
    group by referenced_schema, referenced_name, dependent_schema, dependent_name
    order by referenced_schema, referenced_name, dependent_schema, dependent_name;
[0m22:47:34.782200 [debug] [MainThread]: SQL status: SELECT 3 in 0.009 seconds
[0m22:47:34.782200 [debug] [MainThread]: Sending event: {'category': 'dbt', 'action': 'runnable_timing', 'label': '271e4196-8218-42b4-861b-67b2e08d24f3', 'context': [<snowplow_tracker.self_describing_json.SelfDescribingJson object at 0x00000204D5A77F50>]}
[0m22:47:34.782200 [debug] [MainThread]: On master: ROLLBACK
[0m22:47:34.782200 [debug] [MainThread]: Using postgres connection "master"
[0m22:47:34.782200 [debug] [MainThread]: On master: BEGIN
[0m22:47:34.794220 [debug] [MainThread]: SQL status: BEGIN in 0.002 seconds
[0m22:47:34.794220 [debug] [MainThread]: On master: COMMIT
[0m22:47:34.794220 [debug] [MainThread]: Using postgres connection "master"
[0m22:47:34.794220 [debug] [MainThread]: On master: COMMIT
[0m22:47:34.797356 [debug] [MainThread]: SQL status: COMMIT in 0.001 seconds
[0m22:47:34.797356 [debug] [MainThread]: On master: Close
[0m22:47:34.799365 [debug] [Thread-1 (]: Began running node model.de_project.report2
[0m22:47:34.802879 [info ] [Thread-1 (]: 1 of 1 START sql view model public.report2 ..................................... [RUN]
[0m22:47:34.802879 [debug] [Thread-1 (]: Acquiring new postgres connection 'model.de_project.report2'
[0m22:47:34.802879 [debug] [Thread-1 (]: Began compiling node model.de_project.report2
[0m22:47:34.819741 [debug] [Thread-1 (]: Writing injected SQL for node "model.de_project.report2"
[0m22:47:34.821747 [debug] [Thread-1 (]: Began executing node model.de_project.report2
[0m22:47:34.874471 [debug] [Thread-1 (]: Writing runtime sql for node "model.de_project.report2"
[0m22:47:34.875473 [debug] [Thread-1 (]: Using postgres connection "model.de_project.report2"
[0m22:47:34.876473 [debug] [Thread-1 (]: On model.de_project.report2: BEGIN
[0m22:47:34.876473 [debug] [Thread-1 (]: Opening a new connection, currently in state init
[0m22:47:34.927934 [debug] [Thread-1 (]: SQL status: BEGIN in 0.051 seconds
[0m22:47:34.927934 [debug] [Thread-1 (]: Using postgres connection "model.de_project.report2"
[0m22:47:34.928955 [debug] [Thread-1 (]: On model.de_project.report2: /* {"app": "dbt", "dbt_version": "1.9.2", "profile_name": "de_project", "target_name": "dev", "node_id": "model.de_project.report2"} */

  create view "warehouse"."public"."report2__dbt_tmp"
    
    
  as (
    WITH financial_transactions_by_years as (
    SELECT unique_id,
    date_part( 'year',"date") as year,
    amount,
    customer_id,
    type
    FROM public.financial_transactions
)

SELECT year, SUM(amount) as amount
FROM
financial_transactions_by_years
GROUP BY year
ORDER BY year ASC
  );
[0m22:47:34.932438 [debug] [Thread-1 (]: SQL status: CREATE VIEW in 0.006 seconds
[0m22:47:34.932438 [debug] [Thread-1 (]: Using postgres connection "model.de_project.report2"
[0m22:47:34.932438 [debug] [Thread-1 (]: On model.de_project.report2: /* {"app": "dbt", "dbt_version": "1.9.2", "profile_name": "de_project", "target_name": "dev", "node_id": "model.de_project.report2"} */
alter table "warehouse"."public"."report2" rename to "report2__dbt_backup"
[0m22:47:34.932438 [debug] [Thread-1 (]: SQL status: ALTER TABLE in 0.001 seconds
[0m22:47:34.932438 [debug] [Thread-1 (]: Using postgres connection "model.de_project.report2"
[0m22:47:34.932438 [debug] [Thread-1 (]: On model.de_project.report2: /* {"app": "dbt", "dbt_version": "1.9.2", "profile_name": "de_project", "target_name": "dev", "node_id": "model.de_project.report2"} */
alter table "warehouse"."public"."report2__dbt_tmp" rename to "report2"
[0m22:47:34.947694 [debug] [Thread-1 (]: SQL status: ALTER TABLE in 0.001 seconds
[0m22:47:34.963767 [debug] [Thread-1 (]: On model.de_project.report2: COMMIT
[0m22:47:34.963767 [debug] [Thread-1 (]: Using postgres connection "model.de_project.report2"
[0m22:47:34.963767 [debug] [Thread-1 (]: On model.de_project.report2: COMMIT
[0m22:47:34.963767 [debug] [Thread-1 (]: SQL status: COMMIT in 0.005 seconds
[0m22:47:34.975672 [debug] [Thread-1 (]: Applying DROP to: "warehouse"."public"."report2__dbt_backup"
[0m22:47:34.979779 [debug] [Thread-1 (]: Using postgres connection "model.de_project.report2"
[0m22:47:34.979779 [debug] [Thread-1 (]: On model.de_project.report2: /* {"app": "dbt", "dbt_version": "1.9.2", "profile_name": "de_project", "target_name": "dev", "node_id": "model.de_project.report2"} */
drop view if exists "warehouse"."public"."report2__dbt_backup" cascade
[0m22:47:34.979779 [debug] [Thread-1 (]: SQL status: DROP VIEW in 0.004 seconds
[0m22:47:34.979779 [debug] [Thread-1 (]: On model.de_project.report2: Close
[0m22:47:34.992424 [debug] [Thread-1 (]: Sending event: {'category': 'dbt', 'action': 'run_model', 'label': '271e4196-8218-42b4-861b-67b2e08d24f3', 'context': [<snowplow_tracker.self_describing_json.SelfDescribingJson object at 0x00000204D2E4A390>]}
[0m22:47:34.992424 [info ] [Thread-1 (]: 1 of 1 OK created sql view model public.report2 ................................ [[32mCREATE VIEW[0m in 0.18s]
[0m22:47:34.992424 [debug] [Thread-1 (]: Finished running node model.de_project.report2
[0m22:47:34.995664 [debug] [MainThread]: Using postgres connection "master"
[0m22:47:34.995664 [debug] [MainThread]: On master: BEGIN
[0m22:47:34.995664 [debug] [MainThread]: Opening a new connection, currently in state closed
[0m22:47:35.032974 [debug] [MainThread]: SQL status: BEGIN in 0.048 seconds
[0m22:47:35.032974 [debug] [MainThread]: On master: COMMIT
[0m22:47:35.032974 [debug] [MainThread]: Using postgres connection "master"
[0m22:47:35.032974 [debug] [MainThread]: On master: COMMIT
[0m22:47:35.032974 [debug] [MainThread]: SQL status: COMMIT in 0.001 seconds
[0m22:47:35.032974 [debug] [MainThread]: On master: Close
[0m22:47:35.032974 [debug] [MainThread]: Connection 'master' was properly closed.
[0m22:47:35.048848 [debug] [MainThread]: Connection 'list_warehouse' was properly closed.
[0m22:47:35.049851 [debug] [MainThread]: Connection 'list_warehouse_public' was properly closed.
[0m22:47:35.049851 [debug] [MainThread]: Connection 'model.de_project.report2' was properly closed.
[0m22:47:35.050856 [info ] [MainThread]: 
[0m22:47:35.050856 [info ] [MainThread]: Finished running 1 view model in 0 hours 0 minutes and 0.59 seconds (0.59s).
[0m22:47:35.051851 [debug] [MainThread]: Command end result
[0m22:47:35.071947 [debug] [MainThread]: Wrote artifact WritableManifest to D:\DE\DataTalks\project\de_project\target\manifest.json
[0m22:47:35.073952 [debug] [MainThread]: Wrote artifact SemanticManifest to D:\DE\DataTalks\project\de_project\target\semantic_manifest.json
[0m22:47:35.078849 [debug] [MainThread]: Wrote artifact RunExecutionResult to D:\DE\DataTalks\project\de_project\target\run_results.json
[0m22:47:35.078849 [info ] [MainThread]: 
[0m22:47:35.079850 [info ] [MainThread]: [32mCompleted successfully[0m
[0m22:47:35.080854 [info ] [MainThread]: 
[0m22:47:35.082362 [info ] [MainThread]: Done. PASS=1 WARN=0 ERROR=0 SKIP=0 TOTAL=1
[0m22:47:35.082362 [debug] [MainThread]: Command `dbt run` succeeded at 22:47:35.082362 after 1.65 seconds
[0m22:47:35.082362 [debug] [MainThread]: Sending event: {'category': 'dbt', 'action': 'invocation', 'label': 'end', 'context': [<snowplow_tracker.self_describing_json.SelfDescribingJson object at 0x00000204D4F01850>, <snowplow_tracker.self_describing_json.SelfDescribingJson object at 0x00000204D4F02600>, <snowplow_tracker.self_describing_json.SelfDescribingJson object at 0x00000204D4F03E00>]}
[0m22:47:35.082362 [debug] [MainThread]: Flushing usage events
[0m22:47:36.313947 [debug] [MainThread]: An error was encountered while trying to flush usage events
